n,p,tn
10000,0.1,82
10000,0.1,74
10000,0.1,91
10000,0.1,89
10000,0.1,100
10000,0.1,80
10000,0.1,79
10000,0.1,125
10000,0.1,91
10000,0.1,91
10000,0.1,90
10000,0.1,98
10000,0.1,102
10000,0.1,104
10000,0.1,80
10000,0.1,95
10000,0.1,104
10000,0.1,96
10000,0.1,92
10000,0.1,107
10000,0.1,103
10000,0.1,102
10000,0.1,119
10000,0.1,93
10000,0.1,97
10000,0.1,97
10000,0.1,93
10000,0.1,80
10000,0.1,96
10000,0.1,80
10000,0.1,123
10000,0.1,124
10000,0.1,79
10000,0.1,99
10000,0.1,92
10000,0.1,99
10000,0.1,105
10000,0.1,106
10000,0.1,126
10000,0.1,77
10000,0.1,100
10000,0.1,98
10000,0.1,101
10000,0.1,80
10000,0.1,85
10000,0.1,95
10000,0.1,80
10000,0.1,88
10000,0.1,94
10000,0.1,92
20000,0.1,142
20000,0.1,101
20000,0.1,96
20000,0.1,108
20000,0.1,91
20000,0.1,86
20000,0.1,100
20000,0.1,96
20000,0.1,87
20000,0.1,94
20000,0.1,110
20000,0.1,116
20000,0.1,101
20000,0.1,97
20000,0.1,96
20000,0.1,102
20000,0.1,89
20000,0.1,96
20000,0.1,106
20000,0.1,93
20000,0.1,113
20000,0.1,97
20000,0.1,119
20000,0.1,93
20000,0.1,93
20000,0.1,93
20000,0.1,88
20000,0.1,109
20000,0.1,95
20000,0.1,121
20000,0.1,96
20000,0.1,108
20000,0.1,86
20000,0.1,100
20000,0.1,98
20000,0.1,81
20000,0.1,87
20000,0.1,92
20000,0.1,106
20000,0.1,90
20000,0.1,116
20000,0.1,84
20000,0.1,91
20000,0.1,123
20000,0.1,100
20000,0.1,96
20000,0.1,102
20000,0.1,126
20000,0.1,93
20000,0.1,101
30000,0.1,103
30000,0.1,84
30000,0.1,106
30000,0.1,97
30000,0.1,105
30000,0.1,136
30000,0.1,97
30000,0.1,94
30000,0.1,92
30000,0.1,92
30000,0.1,108
30000,0.1,87
30000,0.1,112
30000,0.1,116
30000,0.1,101
30000,0.1,115
30000,0.1,116
30000,0.1,99
30000,0.1,111
30000,0.1,94
30000,0.1,121
30000,0.1,95
30000,0.1,100
30000,0.1,112
30000,0.1,101
30000,0.1,101
30000,0.1,105
30000,0.1,94
30000,0.1,98
30000,0.1,91
30000,0.1,109
30000,0.1,110
30000,0.1,105
30000,0.1,103
30000,0.1,123
30000,0.1,137
30000,0.1,110
30000,0.1,95
30000,0.1,122
30000,0.1,107
30000,0.1,114
30000,0.1,119
30000,0.1,108
30000,0.1,95
30000,0.1,113
30000,0.1,89
30000,0.1,102
30000,0.1,86
30000,0.1,92
30000,0.1,131
40000,0.1,88
40000,0.1,98
40000,0.1,110
40000,0.1,94
40000,0.1,106
40000,0.1,105
40000,0.1,117
40000,0.1,85
40000,0.1,97
40000,0.1,107
40000,0.1,98
40000,0.1,115
40000,0.1,109
40000,0.1,105
40000,0.1,96
40000,0.1,108
40000,0.1,108
40000,0.1,98
40000,0.1,97
40000,0.1,114
40000,0.1,106
40000,0.1,106
40000,0.1,98
40000,0.1,109
40000,0.1,98
40000,0.1,109
40000,0.1,117
40000,0.1,102
40000,0.1,97
40000,0.1,118
40000,0.1,139
40000,0.1,105
40000,0.1,99
40000,0.1,95
40000,0.1,99
40000,0.1,104
40000,0.1,105
40000,0.1,135
40000,0.1,108
40000,0.1,119
40000,0.1,100
40000,0.1,105
40000,0.1,102
40000,0.1,106
40000,0.1,93
40000,0.1,96
40000,0.1,89
40000,0.1,119
40000,0.1,115
40000,0.1,96
50000,0.1,109
50000,0.1,109
50000,0.1,113
50000,0.1,117
50000,0.1,127
50000,0.1,96
50000,0.1,101
50000,0.1,112
50000,0.1,97
50000,0.1,141
50000,0.1,105
50000,0.1,100
50000,0.1,119
50000,0.1,111
50000,0.1,92
50000,0.1,127
50000,0.1,98
50000,0.1,112
50000,0.1,103
50000,0.1,114
50000,0.1,127
50000,0.1,129
50000,0.1,104
50000,0.1,110
50000,0.1,119
50000,0.1,116
50000,0.1,127
50000,0.1,134
50000,0.1,144
50000,0.1,110
50000,0.1,101
50000,0.1,100
50000,0.1,124
50000,0.1,124
50000,0.1,97
50000,0.1,99
50000,0.1,97
50000,0.1,92
50000,0.1,115
50000,0.1,107
50000,0.1,95
50000,0.1,129
50000,0.1,107
50000,0.1,111
50000,0.1,112
50000,0.1,97
50000,0.1,105
50000,0.1,110
50000,0.1,120
50000,0.1,106
60000,0.1,124
60000,0.1,99
60000,0.1,111
60000,0.1,115
60000,0.1,112
60000,0.1,111
60000,0.1,103
60000,0.1,167
60000,0.1,101
60000,0.1,106
60000,0.1,133
60000,0.1,112
60000,0.1,114
60000,0.1,102
60000,0.1,108
60000,0.1,113
60000,0.1,118
60000,0.1,96
60000,0.1,96
60000,0.1,122
60000,0.1,112
60000,0.1,134
60000,0.1,100
60000,0.1,108
60000,0.1,97
60000,0.1,102
60000,0.1,94
60000,0.1,93
60000,0.1,122
60000,0.1,102
60000,0.1,147
60000,0.1,96
60000,0.1,88
60000,0.1,102
60000,0.1,124
60000,0.1,109
60000,0.1,109
60000,0.1,110
60000,0.1,92
60000,0.1,137
60000,0.1,109
60000,0.1,102
60000,0.1,126
60000,0.1,107
60000,0.1,118
60000,0.1,87
60000,0.1,98
60000,0.1,95
60000,0.1,105
60000,0.1,120
70000,0.1,121
70000,0.1,100
70000,0.1,103
70000,0.1,105
70000,0.1,133
70000,0.1,111
70000,0.1,103
70000,0.1,110
70000,0.1,98
70000,0.1,94
70000,0.1,120
70000,0.1,113
70000,0.1,139
70000,0.1,113
70000,0.1,112
70000,0.1,127
70000,0.1,108
70000,0.1,120
70000,0.1,119
70000,0.1,107
70000,0.1,122
70000,0.1,109
70000,0.1,108
70000,0.1,97
70000,0.1,99
70000,0.1,136
70000,0.1,107
70000,0.1,99
70000,0.1,124
70000,0.1,108
70000,0.1,110
70000,0.1,112
70000,0.1,105
70000,0.1,115
70000,0.1,102
70000,0.1,107
70000,0.1,109
70000,0.1,99
70000,0.1,103
70000,0.1,110
70000,0.1,96
70000,0.1,129
70000,0.1,110
70000,0.1,105
70000,0.1,124
70000,0.1,121
70000,0.1,113
70000,0.1,109
70000,0.1,98
70000,0.1,137
80000,0.1,96
80000,0.1,119
80000,0.1,109
80000,0.1,107
80000,0.1,113
80000,0.1,106
80000,0.1,107
80000,0.1,110
80000,0.1,125
80000,0.1,120
80000,0.1,112
80000,0.1,104
80000,0.1,104
80000,0.1,113
80000,0.1,124
80000,0.1,102
80000,0.1,100
80000,0.1,103
80000,0.1,180
80000,0.1,114
80000,0.1,104
80000,0.1,106
80000,0.1,115
80000,0.1,132
80000,0.1,106
80000,0.1,114
80000,0.1,135
80000,0.1,154
80000,0.1,116
80000,0.1,105
80000,0.1,109
80000,0.1,105
80000,0.1,100
80000,0.1,132
80000,0.1,123
80000,0.1,110
80000,0.1,103
80000,0.1,110
80000,0.1,122
80000,0.1,131
80000,0.1,133
80000,0.1,123
80000,0.1,93
80000,0.1,118
80000,0.1,117
80000,0.1,123
80000,0.1,105
80000,0.1,121
80000,0.1,113
80000,0.1,117
90000,0.1,107
90000,0.1,101
90000,0.1,114
90000,0.1,128
90000,0.1,102
90000,0.1,112
90000,0.1,112
90000,0.1,111
90000,0.1,117
90000,0.1,116
90000,0.1,106
90000,0.1,110
90000,0.1,100
90000,0.1,105
90000,0.1,121
90000,0.1,107
90000,0.1,113
90000,0.1,112
90000,0.1,99
90000,0.1,113
90000,0.1,112
90000,0.1,105
90000,0.1,113
90000,0.1,115
90000,0.1,101
90000,0.1,128
90000,0.1,131
90000,0.1,128
90000,0.1,107
90000,0.1,135
90000,0.1,169
90000,0.1,116
90000,0.1,111
90000,0.1,122
90000,0.1,115
90000,0.1,127
90000,0.1,110
90000,0.1,119
90000,0.1,113
90000,0.1,112
90000,0.1,112
90000,0.1,117
90000,0.1,108
90000,0.1,116
90000,0.1,117
90000,0.1,105
90000,0.1,106
90000,0.1,114
90000,0.1,119
90000,0.1,100
100000,0.1,130
100000,0.1,107
100000,0.1,94
100000,0.1,122
100000,0.1,134
100000,0.1,109
100000,0.1,114
100000,0.1,108
100000,0.1,113
100000,0.1,111
100000,0.1,113
100000,0.1,142
100000,0.1,112
100000,0.1,102
100000,0.1,112
100000,0.1,111
100000,0.1,127
100000,0.1,142
100000,0.1,124
100000,0.1,119
100000,0.1,97
100000,0.1,110
100000,0.1,120
100000,0.1,118
100000,0.1,112
100000,0.1,113
100000,0.1,115
100000,0.1,118
100000,0.1,126
100000,0.1,106
100000,0.1,123
100000,0.1,112
100000,0.1,105
100000,0.1,125
100000,0.1,120
100000,0.1,120
100000,0.1,109
100000,0.1,129
100000,0.1,129
100000,0.1,110
100000,0.1,123
100000,0.1,112
100000,0.1,160
100000,0.1,117
100000,0.1,111
100000,0.1,107
100000,0.1,130
100000,0.1,91
100000,0.1,127
100000,0.1,120
110000,0.1,110
110000,0.1,115
110000,0.1,102
110000,0.1,108
110000,0.1,110
110000,0.1,108
110000,0.1,106
110000,0.1,109
110000,0.1,103
110000,0.1,116
110000,0.1,106
110000,0.1,131
110000,0.1,104
110000,0.1,126
110000,0.1,110
110000,0.1,102
110000,0.1,105
110000,0.1,122
110000,0.1,106
110000,0.1,103
110000,0.1,112
110000,0.1,110
110000,0.1,124
110000,0.1,124
110000,0.1,117
110000,0.1,94
110000,0.1,102
110000,0.1,100
110000,0.1,121
110000,0.1,121
110000,0.1,105
110000,0.1,109
110000,0.1,104
110000,0.1,129
110000,0.1,108
110000,0.1,102
110000,0.1,118
110000,0.1,100
110000,0.1,113
110000,0.1,112
110000,0.1,151
110000,0.1,111
110000,0.1,107
110000,0.1,111
110000,0.1,108
110000,0.1,113
110000,0.1,149
110000,0.1,114
110000,0.1,108
110000,0.1,101
120000,0.1,122
120000,0.1,106
120000,0.1,113
120000,0.1,111
120000,0.1,128
120000,0.1,116
120000,0.1,115
120000,0.1,116
120000,0.1,100
120000,0.1,109
120000,0.1,94
120000,0.1,102
120000,0.1,126
120000,0.1,127
120000,0.1,106
120000,0.1,113
120000,0.1,116
120000,0.1,132
120000,0.1,119
120000,0.1,117
120000,0.1,137
120000,0.1,116
120000,0.1,103
120000,0.1,112
120000,0.1,106
120000,0.1,105
120000,0.1,123
120000,0.1,106
120000,0.1,120
120000,0.1,121
120000,0.1,112
120000,0.1,126
120000,0.1,122
120000,0.1,116
120000,0.1,116
120000,0.1,121
120000,0.1,120
120000,0.1,112
120000,0.1,121
120000,0.1,101
120000,0.1,113
120000,0.1,108
120000,0.1,107
120000,0.1,106
120000,0.1,104
120000,0.1,129
120000,0.1,125
120000,0.1,108
120000,0.1,105
120000,0.1,110
130000,0.1,115
130000,0.1,117
130000,0.1,111
130000,0.1,109
130000,0.1,137
130000,0.1,111
130000,0.1,118
130000,0.1,121
130000,0.1,123
130000,0.1,119
130000,0.1,117
130000,0.1,116
130000,0.1,104
130000,0.1,113
130000,0.1,114
130000,0.1,111
130000,0.1,111
130000,0.1,114
130000,0.1,123
130000,0.1,127
130000,0.1,113
130000,0.1,105
130000,0.1,112
130000,0.1,105
130000,0.1,126
130000,0.1,117
130000,0.1,115
130000,0.1,131
130000,0.1,126
130000,0.1,123
130000,0.1,107
130000,0.1,108
130000,0.1,120
130000,0.1,128
130000,0.1,103
130000,0.1,117
130000,0.1,123
130000,0.1,121
130000,0.1,126
130000,0.1,105
130000,0.1,125
130000,0.1,111
130000,0.1,114
130000,0.1,126
130000,0.1,107
130000,0.1,125
130000,0.1,105
130000,0.1,104
130000,0.1,128
130000,0.1,107
140000,0.1,104
140000,0.1,130
140000,0.1,112
140000,0.1,110
140000,0.1,117
140000,0.1,124
140000,0.1,125
140000,0.1,116
140000,0.1,102
140000,0.1,122
140000,0.1,116
140000,0.1,116
140000,0.1,139
140000,0.1,132
140000,0.1,125
140000,0.1,119
140000,0.1,156
140000,0.1,121
140000,0.1,112
140000,0.1,130
140000,0.1,130
140000,0.1,105
140000,0.1,112
140000,0.1,126
140000,0.1,101
140000,0.1,113
140000,0.1,115
140000,0.1,109
140000,0.1,107
140000,0.1,115
140000,0.1,132
140000,0.1,131
140000,0.1,119
140000,0.1,121
140000,0.1,112
140000,0.1,123
140000,0.1,129
140000,0.1,107
140000,0.1,111
140000,0.1,124
140000,0.1,127
140000,0.1,121
140000,0.1,121
140000,0.1,107
140000,0.1,108
140000,0.1,113
140000,0.1,121
140000,0.1,126
140000,0.1,111
140000,0.1,117
150000,0.1,119
150000,0.1,172
150000,0.1,116
150000,0.1,126
150000,0.1,114
150000,0.1,116
150000,0.1,114
150000,0.1,124
150000,0.1,116
150000,0.1,111
150000,0.1,106
150000,0.1,103
150000,0.1,111
150000,0.1,179
150000,0.1,150
150000,0.1,139
150000,0.1,107
150000,0.1,111
150000,0.1,125
150000,0.1,111
150000,0.1,122
150000,0.1,129
150000,0.1,106
150000,0.1,105
150000,0.1,116
150000,0.1,117
150000,0.1,122
150000,0.1,120
150000,0.1,118
150000,0.1,114
150000,0.1,130
150000,0.1,103
150000,0.1,113
150000,0.1,119
150000,0.1,133
150000,0.1,105
150000,0.1,110
150000,0.1,111
150000,0.1,107
150000,0.1,108
150000,0.1,103
150000,0.1,152
150000,0.1,141
150000,0.1,109
150000,0.1,131
150000,0.1,116
150000,0.1,111
150000,0.1,107
150000,0.1,134
150000,0.1,105
160000,0.1,128
160000,0.1,106
160000,0.1,130
160000,0.1,139
160000,0.1,100
160000,0.1,110
160000,0.1,109
160000,0.1,115
160000,0.1,118
160000,0.1,113
160000,0.1,132
160000,0.1,126
160000,0.1,120
160000,0.1,115
160000,0.1,130
160000,0.1,102
160000,0.1,114
160000,0.1,124
160000,0.1,132
160000,0.1,127
160000,0.1,150
160000,0.1,108
160000,0.1,100
160000,0.1,122
160000,0.1,123
160000,0.1,111
160000,0.1,112
160000,0.1,132
160000,0.1,137
160000,0.1,115
160000,0.1,121
160000,0.1,114
160000,0.1,110
160000,0.1,126
160000,0.1,124
160000,0.1,116
160000,0.1,105
160000,0.1,111
160000,0.1,120
160000,0.1,110
160000,0.1,134
160000,0.1,112
160000,0.1,102
160000,0.1,109
160000,0.1,116
160000,0.1,150
160000,0.1,114
160000,0.1,123
160000,0.1,105
160000,0.1,115
170000,0.1,114
170000,0.1,125
170000,0.1,113
170000,0.1,119
170000,0.1,112
170000,0.1,142
170000,0.1,115
170000,0.1,113
170000,0.1,117
170000,0.1,107
170000,0.1,128
170000,0.1,115
170000,0.1,120
170000,0.1,110
170000,0.1,123
170000,0.1,121
170000,0.1,111
170000,0.1,116
170000,0.1,110
170000,0.1,116
170000,0.1,113
170000,0.1,126
170000,0.1,124
170000,0.1,107
170000,0.1,121
170000,0.1,107
170000,0.1,111
170000,0.1,106
170000,0.1,114
170000,0.1,116
170000,0.1,131
170000,0.1,118
170000,0.1,120
170000,0.1,121
170000,0.1,147
170000,0.1,126
170000,0.1,104
170000,0.1,105
170000,0.1,122
170000,0.1,127
170000,0.1,112
170000,0.1,115
170000,0.1,123
170000,0.1,117
170000,0.1,115
170000,0.1,111
170000,0.1,121
170000,0.1,150
170000,0.1,119
170000,0.1,133
180000,0.1,125
180000,0.1,107
180000,0.1,114
180000,0.1,122
180000,0.1,118
180000,0.1,113
180000,0.1,112
180000,0.1,118
180000,0.1,110
180000,0.1,118
180000,0.1,128
180000,0.1,106
180000,0.1,112
180000,0.1,124
180000,0.1,139
180000,0.1,122
180000,0.1,166
180000,0.1,124
180000,0.1,113
180000,0.1,117
180000,0.1,151
180000,0.1,112
180000,0.1,120
180000,0.1,121
180000,0.1,137
180000,0.1,112
180000,0.1,112
180000,0.1,102
180000,0.1,110
180000,0.1,134
180000,0.1,113
180000,0.1,107
180000,0.1,113
180000,0.1,111
180000,0.1,112
180000,0.1,128
180000,0.1,111
180000,0.1,115
180000,0.1,128
180000,0.1,111
180000,0.1,115
180000,0.1,117
180000,0.1,116
180000,0.1,124
180000,0.1,130
180000,0.1,137
180000,0.1,124
180000,0.1,137
180000,0.1,131
180000,0.1,116
190000,0.1,137
190000,0.1,118
190000,0.1,117
190000,0.1,104
190000,0.1,114
190000,0.1,114
190000,0.1,107
190000,0.1,116
190000,0.1,102
190000,0.1,134
190000,0.1,117
190000,0.1,113
190000,0.1,109
190000,0.1,100
190000,0.1,106
190000,0.1,127
190000,0.1,115
190000,0.1,114
190000,0.1,138
190000,0.1,126
190000,0.1,123
190000,0.1,146
190000,0.1,101
190000,0.1,118
190000,0.1,160
190000,0.1,118
190000,0.1,112
190000,0.1,114
190000,0.1,112
190000,0.1,103
190000,0.1,126
190000,0.1,112
190000,0.1,111
190000,0.1,122
190000,0.1,119
190000,0.1,115
190000,0.1,126
190000,0.1,107
190000,0.1,120
190000,0.1,111
190000,0.1,121
190000,0.1,111
190000,0.1,115
190000,0.1,103
190000,0.1,110
190000,0.1,124
190000,0.1,124
190000,0.1,115
190000,0.1,110
190000,0.1,120
200000,0.1,123
200000,0.1,122
200000,0.1,119
200000,0.1,128
200000,0.1,127
200000,0.1,134
200000,0.1,121
200000,0.1,121
200000,0.1,115
200000,0.1,109
200000,0.1,137
200000,0.1,108
200000,0.1,117
200000,0.1,114
200000,0.1,125
200000,0.1,125
200000,0.1,142
200000,0.1,118
200000,0.1,131
200000,0.1,111
200000,0.1,115
200000,0.1,116
200000,0.1,124
200000,0.1,138
200000,0.1,115
200000,0.1,113
200000,0.1,123
200000,0.1,129
200000,0.1,116
200000,0.1,123
200000,0.1,104
200000,0.1,133
200000,0.1,105
200000,0.1,119
200000,0.1,107
200000,0.1,124
200000,0.1,111
200000,0.1,102
200000,0.1,130
200000,0.1,132
200000,0.1,141
200000,0.1,118
200000,0.1,115
200000,0.1,124
200000,0.1,116
200000,0.1,108
200000,0.1,113
200000,0.1,141
200000,0.1,129
200000,0.1,114
210000,0.1,121
210000,0.1,106
210000,0.1,112
210000,0.1,131
210000,0.1,121
210000,0.1,121
210000,0.1,119
210000,0.1,121
210000,0.1,125
210000,0.1,115
210000,0.1,123
210000,0.1,116
210000,0.1,137
210000,0.1,121
210000,0.1,122
210000,0.1,119
210000,0.1,124
210000,0.1,115
210000,0.1,119
210000,0.1,130
210000,0.1,118
210000,0.1,109
210000,0.1,128
210000,0.1,118
210000,0.1,116
210000,0.1,118
210000,0.1,114
210000,0.1,125
210000,0.1,131
210000,0.1,112
210000,0.1,104
210000,0.1,114
210000,0.1,109
210000,0.1,127
210000,0.1,116
210000,0.1,115
210000,0.1,122
210000,0.1,110
210000,0.1,123
210000,0.1,113
210000,0.1,123
210000,0.1,116
210000,0.1,114
210000,0.1,106
210000,0.1,115
210000,0.1,117
210000,0.1,124
210000,0.1,112
210000,0.1,129
210000,0.1,137
220000,0.1,107
220000,0.1,123
220000,0.1,139
220000,0.1,104
220000,0.1,131
220000,0.1,112
220000,0.1,107
220000,0.1,125
220000,0.1,113
220000,0.1,115
220000,0.1,116
220000,0.1,121
220000,0.1,112
220000,0.1,154
220000,0.1,139
220000,0.1,98
220000,0.1,131
220000,0.1,142
220000,0.1,126
220000,0.1,146
220000,0.1,149
220000,0.1,113
220000,0.1,118
220000,0.1,132
220000,0.1,112
220000,0.1,137
220000,0.1,116
220000,0.1,145
220000,0.1,126
220000,0.1,111
220000,0.1,121
220000,0.1,132
220000,0.1,124
220000,0.1,131
220000,0.1,110
220000,0.1,122
220000,0.1,115
220000,0.1,112
220000,0.1,114
220000,0.1,114
220000,0.1,118
220000,0.1,136
220000,0.1,119
220000,0.1,152
220000,0.1,117
220000,0.1,117
220000,0.1,113
220000,0.1,111
220000,0.1,137
220000,0.1,99
230000,0.1,110
230000,0.1,144
230000,0.1,132
230000,0.1,109
230000,0.1,118
230000,0.1,113
230000,0.1,140
230000,0.1,119
230000,0.1,110
230000,0.1,138
230000,0.1,122
230000,0.1,120
230000,0.1,127
230000,0.1,121
230000,0.1,140
230000,0.1,139
230000,0.1,124
230000,0.1,110
230000,0.1,126
230000,0.1,118
230000,0.1,113
230000,0.1,123
230000,0.1,111
230000,0.1,124
230000,0.1,122
230000,0.1,137
230000,0.1,120
230000,0.1,149
230000,0.1,130
230000,0.1,142
230000,0.1,129
230000,0.1,135
230000,0.1,113
230000,0.1,109
230000,0.1,111
230000,0.1,116
230000,0.1,149
230000,0.1,136
230000,0.1,106
230000,0.1,117
230000,0.1,131
230000,0.1,122
230000,0.1,125
230000,0.1,117
230000,0.1,119
230000,0.1,132
230000,0.1,142
230000,0.1,136
230000,0.1,126
230000,0.1,131
240000,0.1,129
240000,0.1,111
240000,0.1,116
240000,0.1,117
240000,0.1,123
240000,0.1,114
240000,0.1,142
240000,0.1,134
240000,0.1,122
240000,0.1,125
240000,0.1,129
240000,0.1,142
240000,0.1,117
240000,0.1,133
240000,0.1,115
240000,0.1,115
240000,0.1,139
240000,0.1,147
240000,0.1,120
240000,0.1,112
240000,0.1,136
240000,0.1,123
240000,0.1,140
240000,0.1,117
240000,0.1,110
240000,0.1,115
240000,0.1,122
240000,0.1,120
240000,0.1,115
240000,0.1,136
240000,0.1,119
240000,0.1,122
240000,0.1,112
240000,0.1,108
240000,0.1,142
240000,0.1,161
240000,0.1,112
240000,0.1,124
240000,0.1,148
240000,0.1,105
240000,0.1,114
240000,0.1,121
240000,0.1,119
240000,0.1,121
240000,0.1,111
240000,0.1,108
240000,0.1,122
240000,0.1,115
240000,0.1,137
240000,0.1,124
250000,0.1,120
250000,0.1,143
250000,0.1,124
250000,0.1,135
250000,0.1,120
250000,0.1,137
250000,0.1,146
250000,0.1,116
250000,0.1,111
250000,0.1,122
250000,0.1,135
250000,0.1,117
250000,0.1,122
250000,0.1,137
250000,0.1,116
250000,0.1,109
250000,0.1,113
250000,0.1,115
250000,0.1,124
250000,0.1,136
250000,0.1,121
250000,0.1,114
250000,0.1,122
250000,0.1,139
250000,0.1,135
250000,0.1,118
250000,0.1,126
250000,0.1,164
250000,0.1,109
250000,0.1,102
250000,0.1,144
250000,0.1,123
250000,0.1,106
250000,0.1,125
250000,0.1,105
250000,0.1,124
250000,0.1,119
250000,0.1,125
250000,0.1,118
250000,0.1,123
250000,0.1,115
250000,0.1,111
250000,0.1,111
250000,0.1,140
250000,0.1,116
250000,0.1,120
250000,0.1,119
250000,0.1,142
250000,0.1,133
250000,0.1,120
260000,0.1,109
260000,0.1,113
260000,0.1,117
260000,0.1,144
260000,0.1,119
260000,0.1,111
260000,0.1,121
260000,0.1,119
260000,0.1,130
260000,0.1,109
260000,0.1,135
260000,0.1,130
260000,0.1,121
260000,0.1,123
260000,0.1,132
260000,0.1,104
260000,0.1,119
260000,0.1,104
260000,0.1,116
260000,0.1,129
260000,0.1,146
260000,0.1,128
260000,0.1,143
260000,0.1,128
260000,0.1,140
260000,0.1,129
260000,0.1,164
260000,0.1,111
260000,0.1,134
260000,0.1,111
260000,0.1,118
260000,0.1,141
260000,0.1,138
260000,0.1,118
260000,0.1,124
260000,0.1,121
260000,0.1,110
260000,0.1,138
260000,0.1,143
260000,0.1,133
260000,0.1,122
260000,0.1,125
260000,0.1,132
260000,0.1,117
260000,0.1,136
260000,0.1,103
260000,0.1,113
260000,0.1,151
260000,0.1,119
260000,0.1,114
270000,0.1,118
270000,0.1,107
270000,0.1,128
270000,0.1,125
270000,0.1,148
270000,0.1,121
270000,0.1,141
270000,0.1,140
270000,0.1,121
270000,0.1,111
270000,0.1,119
270000,0.1,108
270000,0.1,135
270000,0.1,165
270000,0.1,109
270000,0.1,113
270000,0.1,129
270000,0.1,129
270000,0.1,116
270000,0.1,120
270000,0.1,112
270000,0.1,128
270000,0.1,124
270000,0.1,130
270000,0.1,117
270000,0.1,137
270000,0.1,125
270000,0.1,136
270000,0.1,123
270000,0.1,115
270000,0.1,130
270000,0.1,124
270000,0.1,114
270000,0.1,120
270000,0.1,113
270000,0.1,123
270000,0.1,101
270000,0.1,101
270000,0.1,120
270000,0.1,137
270000,0.1,130
270000,0.1,113
270000,0.1,122
270000,0.1,129
270000,0.1,156
270000,0.1,111
270000,0.1,110
270000,0.1,130
270000,0.1,109
270000,0.1,133
280000,0.1,113
280000,0.1,122
280000,0.1,113
280000,0.1,149
280000,0.1,143
280000,0.1,125
280000,0.1,124
280000,0.1,126
280000,0.1,134
280000,0.1,112
280000,0.1,132
280000,0.1,110
280000,0.1,123
280000,0.1,156
280000,0.1,123
280000,0.1,130
280000,0.1,109
280000,0.1,107
280000,0.1,112
280000,0.1,129
280000,0.1,156
280000,0.1,136
280000,0.1,127
280000,0.1,131
280000,0.1,143
280000,0.1,131
280000,0.1,123
280000,0.1,147
280000,0.1,124
280000,0.1,124
280000,0.1,128
280000,0.1,125
280000,0.1,116
280000,0.1,118
280000,0.1,112
280000,0.1,119
280000,0.1,114
280000,0.1,113
280000,0.1,117
280000,0.1,145
280000,0.1,108
280000,0.1,126
280000,0.1,125
280000,0.1,114
280000,0.1,123
280000,0.1,119
280000,0.1,127
280000,0.1,136
280000,0.1,137
280000,0.1,114
290000,0.1,121
290000,0.1,124
290000,0.1,116
290000,0.1,124
290000,0.1,127
290000,0.1,123
290000,0.1,131
290000,0.1,146
290000,0.1,134
290000,0.1,130
290000,0.1,134
290000,0.1,122
290000,0.1,120
290000,0.1,120
290000,0.1,112
290000,0.1,114
290000,0.1,122
290000,0.1,155
290000,0.1,138
290000,0.1,138
290000,0.1,129
290000,0.1,130
290000,0.1,125
290000,0.1,116
290000,0.1,139
290000,0.1,124
290000,0.1,144
290000,0.1,144
290000,0.1,129
290000,0.1,107
290000,0.1,118
290000,0.1,135
290000,0.1,139
290000,0.1,121
290000,0.1,132
290000,0.1,133
290000,0.1,114
290000,0.1,113
290000,0.1,106
290000,0.1,109
290000,0.1,113
290000,0.1,119
290000,0.1,123
290000,0.1,130
290000,0.1,139
290000,0.1,133
290000,0.1,130
290000,0.1,111
290000,0.1,117
290000,0.1,132
300000,0.1,138
300000,0.1,113
300000,0.1,130
300000,0.1,129
300000,0.1,112
300000,0.1,151
300000,0.1,118
300000,0.1,113
300000,0.1,139
300000,0.1,135
300000,0.1,123
300000,0.1,142
300000,0.1,124
300000,0.1,135
300000,0.1,131
300000,0.1,131
300000,0.1,129
300000,0.1,115
300000,0.1,129
300000,0.1,187
300000,0.1,125
300000,0.1,124
300000,0.1,120
300000,0.1,118
300000,0.1,125
300000,0.1,136
300000,0.1,112
300000,0.1,124
300000,0.1,126
300000,0.1,126
300000,0.1,143
300000,0.1,125
300000,0.1,106
300000,0.1,132
300000,0.1,121
300000,0.1,130
300000,0.1,112
300000,0.1,136
300000,0.1,124
300000,0.1,128
300000,0.1,138
300000,0.1,116
300000,0.1,135
300000,0.1,122
300000,0.1,135
300000,0.1,118
300000,0.1,120
300000,0.1,128
300000,0.1,112
300000,0.1,107
310000,0.1,136
310000,0.1,128
310000,0.1,115
310000,0.1,123
310000,0.1,135
310000,0.1,129
310000,0.1,127
310000,0.1,108
310000,0.1,134
310000,0.1,123
310000,0.1,128
310000,0.1,124
310000,0.1,131
310000,0.1,123
310000,0.1,122
310000,0.1,124
310000,0.1,121
310000,0.1,129
310000,0.1,122
310000,0.1,124
310000,0.1,137
310000,0.1,130
310000,0.1,130
310000,0.1,123
310000,0.1,112
310000,0.1,129
310000,0.1,133
310000,0.1,111
310000,0.1,123
310000,0.1,121
310000,0.1,113
310000,0.1,120
310000,0.1,112
310000,0.1,118
310000,0.1,132
310000,0.1,119
310000,0.1,137
310000,0.1,128
310000,0.1,117
310000,0.1,105
310000,0.1,114
310000,0.1,132
310000,0.1,119
310000,0.1,131
310000,0.1,119
310000,0.1,122
310000,0.1,103
310000,0.1,129
310000,0.1,123
310000,0.1,111
320000,0.1,114
320000,0.1,130
320000,0.1,120
320000,0.1,143
320000,0.1,130
320000,0.1,115
320000,0.1,140
320000,0.1,115
320000,0.1,123
320000,0.1,115
320000,0.1,112
320000,0.1,120
320000,0.1,123
320000,0.1,137
320000,0.1,111
320000,0.1,138
320000,0.1,118
320000,0.1,122
320000,0.1,115
320000,0.1,127
320000,0.1,125
320000,0.1,114
320000,0.1,117
320000,0.1,138
320000,0.1,135
320000,0.1,132
320000,0.1,128
320000,0.1,131
320000,0.1,131
320000,0.1,113
320000,0.1,128
320000,0.1,136
320000,0.1,127
320000,0.1,148
320000,0.1,123
320000,0.1,122
320000,0.1,121
320000,0.1,121
320000,0.1,115
320000,0.1,127
320000,0.1,142
320000,0.1,127
320000,0.1,152
320000,0.1,135
320000,0.1,161
320000,0.1,117
320000,0.1,150
320000,0.1,125
320000,0.1,122
320000,0.1,115
330000,0.1,129
330000,0.1,123
330000,0.1,114
330000,0.1,111
330000,0.1,147
330000,0.1,149
330000,0.1,129
330000,0.1,121
330000,0.1,126
330000,0.1,126
330000,0.1,125
330000,0.1,111
330000,0.1,119
330000,0.1,120
330000,0.1,124
330000,0.1,107
330000,0.1,141
330000,0.1,136
330000,0.1,112
330000,0.1,131
330000,0.1,141
330000,0.1,114
330000,0.1,132
330000,0.1,142
330000,0.1,113
330000,0.1,125
330000,0.1,130
330000,0.1,122
330000,0.1,149
330000,0.1,125
330000,0.1,132
330000,0.1,146
330000,0.1,119
330000,0.1,140
330000,0.1,126
330000,0.1,135
330000,0.1,124
330000,0.1,136
330000,0.1,161
330000,0.1,136
330000,0.1,126
330000,0.1,121
330000,0.1,134
330000,0.1,121
330000,0.1,121
330000,0.1,127
330000,0.1,130
330000,0.1,120
330000,0.1,132
330000,0.1,130
340000,0.1,111
340000,0.1,188
340000,0.1,129
340000,0.1,124
340000,0.1,122
340000,0.1,139
340000,0.1,123
340000,0.1,118
340000,0.1,136
340000,0.1,126
340000,0.1,130
340000,0.1,113
340000,0.1,112
340000,0.1,113
340000,0.1,123
340000,0.1,107
340000,0.1,130
340000,0.1,127
340000,0.1,138
340000,0.1,138
340000,0.1,140
340000,0.1,124
340000,0.1,110
340000,0.1,158
340000,0.1,127
340000,0.1,124
340000,0.1,130
340000,0.1,125
340000,0.1,121
340000,0.1,125
340000,0.1,118
340000,0.1,123
340000,0.1,110
340000,0.1,123
340000,0.1,121
340000,0.1,129
340000,0.1,112
340000,0.1,124
340000,0.1,117
340000,0.1,120
340000,0.1,141
340000,0.1,121
340000,0.1,156
340000,0.1,115
340000,0.1,137
340000,0.1,119
340000,0.1,129
340000,0.1,135
340000,0.1,117
340000,0.1,142
350000,0.1,116
350000,0.1,122
350000,0.1,126
350000,0.1,140
350000,0.1,129
350000,0.1,119
350000,0.1,165
350000,0.1,128
350000,0.1,122
350000,0.1,117
350000,0.1,148
350000,0.1,119
350000,0.1,120
350000,0.1,132
350000,0.1,131
350000,0.1,134
350000,0.1,151
350000,0.1,118
350000,0.1,129
350000,0.1,125
350000,0.1,117
350000,0.1,125
350000,0.1,132
350000,0.1,118
350000,0.1,140
350000,0.1,131
350000,0.1,126
350000,0.1,142
350000,0.1,114
350000,0.1,114
350000,0.1,137
350000,0.1,123
350000,0.1,115
350000,0.1,114
350000,0.1,122
350000,0.1,120
350000,0.1,132
350000,0.1,118
350000,0.1,126
350000,0.1,133
350000,0.1,122
350000,0.1,117
350000,0.1,113
350000,0.1,127
350000,0.1,130
350000,0.1,135
350000,0.1,139
350000,0.1,162
350000,0.1,133
350000,0.1,122
360000,0.1,139
360000,0.1,126
360000,0.1,146
360000,0.1,137
360000,0.1,123
360000,0.1,134
360000,0.1,124
360000,0.1,115
360000,0.1,114
360000,0.1,125
360000,0.1,145
360000,0.1,132
360000,0.1,144
360000,0.1,125
360000,0.1,131
360000,0.1,131
360000,0.1,134
360000,0.1,129
360000,0.1,110
360000,0.1,119
360000,0.1,120
360000,0.1,156
360000,0.1,115
360000,0.1,119
360000,0.1,109
360000,0.1,114
360000,0.1,122
360000,0.1,120
360000,0.1,118
360000,0.1,127
360000,0.1,119
360000,0.1,161
360000,0.1,128
360000,0.1,126
360000,0.1,134
360000,0.1,120
360000,0.1,130
360000,0.1,135
360000,0.1,122
360000,0.1,130
360000,0.1,113
360000,0.1,120
360000,0.1,139
360000,0.1,128
360000,0.1,131
360000,0.1,144
360000,0.1,116
360000,0.1,126
360000,0.1,130
360000,0.1,122
370000,0.1,135
370000,0.1,128
370000,0.1,122
370000,0.1,123
370000,0.1,160
370000,0.1,123
370000,0.1,115
370000,0.1,131
370000,0.1,134
370000,0.1,111
370000,0.1,114
370000,0.1,153
370000,0.1,121
370000,0.1,133
370000,0.1,120
370000,0.1,116
370000,0.1,127
370000,0.1,140
370000,0.1,150
370000,0.1,140
370000,0.1,116
370000,0.1,112
370000,0.1,140
370000,0.1,138
370000,0.1,121
370000,0.1,116
370000,0.1,120
370000,0.1,137
370000,0.1,124
370000,0.1,129
370000,0.1,146
370000,0.1,124
370000,0.1,148
370000,0.1,123
370000,0.1,119
370000,0.1,133
370000,0.1,121
370000,0.1,133
370000,0.1,110
370000,0.1,123
370000,0.1,138
370000,0.1,129
370000,0.1,117
370000,0.1,137
370000,0.1,121
370000,0.1,123
370000,0.1,109
370000,0.1,110
370000,0.1,123
370000,0.1,130
380000,0.1,166
380000,0.1,143
380000,0.1,131
380000,0.1,131
380000,0.1,113
380000,0.1,133
380000,0.1,146
380000,0.1,125
380000,0.1,124
380000,0.1,131
380000,0.1,122
380000,0.1,122
380000,0.1,123
380000,0.1,133
380000,0.1,121
380000,0.1,131
380000,0.1,142
380000,0.1,114
380000,0.1,132
380000,0.1,117
380000,0.1,134
380000,0.1,118
380000,0.1,119
380000,0.1,146
380000,0.1,125
380000,0.1,121
380000,0.1,112
380000,0.1,130
380000,0.1,130
380000,0.1,118
380000,0.1,149
380000,0.1,125
380000,0.1,120
380000,0.1,127
380000,0.1,131
380000,0.1,112
380000,0.1,124
380000,0.1,113
380000,0.1,128
380000,0.1,130
380000,0.1,126
380000,0.1,118
380000,0.1,117
380000,0.1,111
380000,0.1,126
380000,0.1,127
380000,0.1,129
380000,0.1,140
380000,0.1,133
380000,0.1,133
390000,0.1,124
390000,0.1,124
390000,0.1,120
390000,0.1,123
390000,0.1,118
390000,0.1,130
390000,0.1,122
390000,0.1,136
390000,0.1,122
390000,0.1,149
390000,0.1,121
390000,0.1,116
390000,0.1,132
390000,0.1,133
390000,0.1,126
390000,0.1,116
390000,0.1,129
390000,0.1,122
390000,0.1,107
390000,0.1,140
390000,0.1,128
390000,0.1,126
390000,0.1,120
390000,0.1,154
390000,0.1,125
390000,0.1,130
390000,0.1,124
390000,0.1,136
390000,0.1,112
390000,0.1,115
390000,0.1,125
390000,0.1,121
390000,0.1,124
390000,0.1,124
390000,0.1,130
390000,0.1,113
390000,0.1,126
390000,0.1,129
390000,0.1,126
390000,0.1,138
390000,0.1,133
390000,0.1,145
390000,0.1,122
390000,0.1,130
390000,0.1,111
390000,0.1,117
390000,0.1,134
390000,0.1,123
390000,0.1,130
390000,0.1,116
400000,0.1,117
400000,0.1,111
400000,0.1,109
400000,0.1,136
400000,0.1,150
400000,0.1,124
400000,0.1,147
400000,0.1,125
400000,0.1,127
400000,0.1,128
400000,0.1,111
400000,0.1,111
400000,0.1,133
400000,0.1,125
400000,0.1,116
400000,0.1,117
400000,0.1,117
400000,0.1,125
400000,0.1,126
400000,0.1,134
400000,0.1,138
400000,0.1,141
400000,0.1,165
400000,0.1,127
400000,0.1,126
400000,0.1,116
400000,0.1,116
400000,0.1,127
400000,0.1,125
400000,0.1,109
400000,0.1,123
400000,0.1,116
400000,0.1,143
400000,0.1,118
400000,0.1,133
400000,0.1,121
400000,0.1,143
400000,0.1,144
400000,0.1,122
400000,0.1,127
400000,0.1,119
400000,0.1,139
400000,0.1,134
400000,0.1,136
400000,0.1,141
400000,0.1,126
400000,0.1,107
400000,0.1,130
400000,0.1,119
400000,0.1,135
410000,0.1,167
410000,0.1,124
410000,0.1,124
410000,0.1,136
410000,0.1,140
410000,0.1,134
410000,0.1,123
410000,0.1,117
410000,0.1,116
410000,0.1,150
410000,0.1,114
410000,0.1,133
410000,0.1,140
410000,0.1,122
410000,0.1,120
410000,0.1,144
410000,0.1,119
410000,0.1,123
410000,0.1,119
410000,0.1,151
410000,0.1,138
410000,0.1,143
410000,0.1,125
410000,0.1,133
410000,0.1,126
410000,0.1,146
410000,0.1,129
410000,0.1,119
410000,0.1,122
410000,0.1,112
410000,0.1,124
410000,0.1,141
410000,0.1,120
410000,0.1,136
410000,0.1,118
410000,0.1,119
410000,0.1,117
410000,0.1,122
410000,0.1,127
410000,0.1,114
410000,0.1,149
410000,0.1,119
410000,0.1,109
410000,0.1,116
410000,0.1,129
410000,0.1,127
410000,0.1,126
410000,0.1,124
410000,0.1,111
410000,0.1,132
420000,0.1,113
420000,0.1,129
420000,0.1,132
420000,0.1,133
420000,0.1,120
420000,0.1,116
420000,0.1,123
420000,0.1,131
420000,0.1,116
420000,0.1,142
420000,0.1,154
420000,0.1,144
420000,0.1,137
420000,0.1,132
420000,0.1,132
420000,0.1,119
420000,0.1,131
420000,0.1,144
420000,0.1,124
420000,0.1,139
420000,0.1,149
420000,0.1,127
420000,0.1,114
420000,0.1,118
420000,0.1,129
420000,0.1,121
420000,0.1,149
420000,0.1,150
420000,0.1,130
420000,0.1,116
420000,0.1,120
420000,0.1,128
420000,0.1,123
420000,0.1,111
420000,0.1,128
420000,0.1,125
420000,0.1,121
420000,0.1,133
420000,0.1,167
420000,0.1,111
420000,0.1,138
420000,0.1,123
420000,0.1,122
420000,0.1,110
420000,0.1,139
420000,0.1,127
420000,0.1,115
420000,0.1,114
420000,0.1,124
420000,0.1,124
430000,0.1,143
430000,0.1,157
430000,0.1,127
430000,0.1,125
430000,0.1,125
430000,0.1,126
430000,0.1,115
430000,0.1,127
430000,0.1,128
430000,0.1,142
430000,0.1,157
430000,0.1,117
430000,0.1,122
430000,0.1,121
430000,0.1,123
430000,0.1,134
430000,0.1,128
430000,0.1,128
430000,0.1,115
430000,0.1,114
430000,0.1,115
430000,0.1,124
430000,0.1,136
430000,0.1,132
430000,0.1,112
430000,0.1,120
430000,0.1,128
430000,0.1,154
430000,0.1,122
430000,0.1,125
430000,0.1,130
430000,0.1,130
430000,0.1,126
430000,0.1,125
430000,0.1,124
430000,0.1,123
430000,0.1,121
430000,0.1,132
430000,0.1,147
430000,0.1,131
430000,0.1,123
430000,0.1,130
430000,0.1,128
430000,0.1,118
430000,0.1,120
430000,0.1,138
430000,0.1,113
430000,0.1,116
430000,0.1,119
430000,0.1,114
440000,0.1,124
440000,0.1,137
440000,0.1,141
440000,0.1,123
440000,0.1,148
440000,0.1,145
440000,0.1,133
440000,0.1,138
440000,0.1,112
440000,0.1,121
440000,0.1,119
440000,0.1,125
440000,0.1,124
440000,0.1,177
440000,0.1,132
440000,0.1,120
440000,0.1,134
440000,0.1,130
440000,0.1,123
440000,0.1,117
440000,0.1,119
440000,0.1,163
440000,0.1,127
440000,0.1,135
440000,0.1,132
440000,0.1,130
440000,0.1,134
440000,0.1,129
440000,0.1,159
440000,0.1,127
440000,0.1,114
440000,0.1,131
440000,0.1,135
440000,0.1,118
440000,0.1,121
440000,0.1,140
440000,0.1,140
440000,0.1,119
440000,0.1,147
440000,0.1,160
440000,0.1,150
440000,0.1,137
440000,0.1,114
440000,0.1,145
440000,0.1,131
440000,0.1,131
440000,0.1,132
440000,0.1,148
440000,0.1,130
440000,0.1,123
450000,0.1,126
450000,0.1,137
450000,0.1,177
450000,0.1,131
450000,0.1,119
450000,0.1,134
450000,0.1,117
450000,0.1,136
450000,0.1,160
450000,0.1,119
450000,0.1,126
450000,0.1,132
450000,0.1,131
450000,0.1,124
450000,0.1,113
450000,0.1,158
450000,0.1,120
450000,0.1,118
450000,0.1,137
450000,0.1,146
450000,0.1,124
450000,0.1,123
450000,0.1,125
450000,0.1,118
450000,0.1,181
450000,0.1,120
450000,0.1,145
450000,0.1,131
450000,0.1,117
450000,0.1,158
450000,0.1,133
450000,0.1,147
450000,0.1,126
450000,0.1,167
450000,0.1,136
450000,0.1,135
450000,0.1,129
450000,0.1,121
450000,0.1,115
450000,0.1,122
450000,0.1,117
450000,0.1,133
450000,0.1,123
450000,0.1,136
450000,0.1,125
450000,0.1,121
450000,0.1,110
450000,0.1,116
450000,0.1,126
450000,0.1,123
460000,0.1,122
460000,0.1,120
460000,0.1,125
460000,0.1,138
460000,0.1,135
460000,0.1,135
460000,0.1,117
460000,0.1,130
460000,0.1,126
460000,0.1,134
460000,0.1,138
460000,0.1,130
460000,0.1,124
460000,0.1,134
460000,0.1,122
460000,0.1,142
460000,0.1,132
460000,0.1,122
460000,0.1,129
460000,0.1,113
460000,0.1,121
460000,0.1,134
460000,0.1,127
460000,0.1,143
460000,0.1,123
460000,0.1,128
460000,0.1,124
460000,0.1,117
460000,0.1,134
460000,0.1,142
460000,0.1,129
460000,0.1,108
460000,0.1,122
460000,0.1,115
460000,0.1,133
460000,0.1,129
460000,0.1,123
460000,0.1,124
460000,0.1,123
460000,0.1,146
460000,0.1,128
460000,0.1,130
460000,0.1,132
460000,0.1,129
460000,0.1,130
460000,0.1,138
460000,0.1,127
460000,0.1,139
460000,0.1,116
460000,0.1,117
470000,0.1,122
470000,0.1,128
470000,0.1,156
470000,0.1,142
470000,0.1,124
470000,0.1,128
470000,0.1,127
470000,0.1,131
470000,0.1,133
470000,0.1,123
470000,0.1,147
470000,0.1,135
470000,0.1,128
470000,0.1,124
470000,0.1,108
470000,0.1,120
470000,0.1,132
470000,0.1,125
470000,0.1,145
470000,0.1,143
470000,0.1,134
470000,0.1,130
470000,0.1,135
470000,0.1,118
470000,0.1,140
470000,0.1,138
470000,0.1,115
470000,0.1,131
470000,0.1,113
470000,0.1,122
470000,0.1,130
470000,0.1,123
470000,0.1,122
470000,0.1,120
470000,0.1,127
470000,0.1,129
470000,0.1,139
470000,0.1,148
470000,0.1,143
470000,0.1,140
470000,0.1,115
470000,0.1,134
470000,0.1,126
470000,0.1,129
470000,0.1,111
470000,0.1,121
470000,0.1,122
470000,0.1,140
470000,0.1,130
470000,0.1,135
480000,0.1,132
480000,0.1,127
480000,0.1,147
480000,0.1,138
480000,0.1,122
480000,0.1,144
480000,0.1,126
480000,0.1,168
480000,0.1,141
480000,0.1,154
480000,0.1,128
480000,0.1,124
480000,0.1,151
480000,0.1,156
480000,0.1,117
480000,0.1,125
480000,0.1,125
480000,0.1,132
480000,0.1,121
480000,0.1,115
480000,0.1,126
480000,0.1,136
480000,0.1,136
480000,0.1,135
480000,0.1,141
480000,0.1,136
480000,0.1,134
480000,0.1,121
480000,0.1,132
480000,0.1,122
480000,0.1,119
480000,0.1,137
480000,0.1,152
480000,0.1,128
480000,0.1,135
480000,0.1,121
480000,0.1,137
480000,0.1,127
480000,0.1,135
480000,0.1,147
480000,0.1,147
480000,0.1,124
480000,0.1,118
480000,0.1,126
480000,0.1,121
480000,0.1,137
480000,0.1,143
480000,0.1,126
480000,0.1,131
480000,0.1,146
490000,0.1,120
490000,0.1,121
490000,0.1,119
490000,0.1,121
490000,0.1,117
490000,0.1,133
490000,0.1,109
490000,0.1,116
490000,0.1,127
490000,0.1,166
490000,0.1,137
490000,0.1,143
490000,0.1,121
490000,0.1,140
490000,0.1,139
490000,0.1,128
490000,0.1,120
490000,0.1,126
490000,0.1,123
490000,0.1,115
490000,0.1,149
490000,0.1,128
490000,0.1,132
490000,0.1,139
490000,0.1,122
490000,0.1,136
490000,0.1,109
490000,0.1,117
490000,0.1,119
490000,0.1,112
490000,0.1,131
490000,0.1,123
490000,0.1,140
490000,0.1,127
490000,0.1,133
490000,0.1,132
490000,0.1,135
490000,0.1,114
490000,0.1,120
490000,0.1,131
490000,0.1,124
490000,0.1,147
490000,0.1,124
490000,0.1,135
490000,0.1,129
490000,0.1,114
490000,0.1,123
490000,0.1,112
490000,0.1,151
490000,0.1,130
500000,0.1,152
500000,0.1,123
500000,0.1,151
500000,0.1,132
500000,0.1,121
500000,0.1,138
500000,0.1,139
500000,0.1,118
500000,0.1,135
500000,0.1,133
500000,0.1,141
500000,0.1,141
500000,0.1,126
500000,0.1,121
500000,0.1,122
500000,0.1,126
500000,0.1,122
500000,0.1,140
500000,0.1,137
500000,0.1,128
500000,0.1,125
500000,0.1,120
500000,0.1,123
500000,0.1,132
500000,0.1,114
500000,0.1,119
500000,0.1,119
500000,0.1,123
500000,0.1,130
500000,0.1,124
500000,0.1,119
500000,0.1,142
500000,0.1,126
500000,0.1,126
500000,0.1,142
500000,0.1,144
500000,0.1,113
500000,0.1,122
500000,0.1,138
500000,0.1,148
500000,0.1,148
500000,0.1,124
500000,0.1,136
500000,0.1,131
500000,0.1,124
500000,0.1,117
500000,0.1,120
500000,0.1,114
500000,0.1,124
500000,0.1,140
510000,0.1,134
510000,0.1,137
510000,0.1,113
510000,0.1,150
510000,0.1,146
510000,0.1,158
510000,0.1,147
510000,0.1,132
510000,0.1,138
510000,0.1,159
510000,0.1,120
510000,0.1,120
510000,0.1,125
510000,0.1,126
510000,0.1,142
510000,0.1,125
510000,0.1,126
510000,0.1,115
510000,0.1,126
510000,0.1,142
510000,0.1,124
510000,0.1,126
510000,0.1,122
510000,0.1,123
510000,0.1,124
510000,0.1,123
510000,0.1,130
510000,0.1,135
510000,0.1,130
510000,0.1,145
510000,0.1,133
510000,0.1,138
510000,0.1,119
510000,0.1,144
510000,0.1,136
510000,0.1,124
510000,0.1,134
510000,0.1,137
510000,0.1,120
510000,0.1,131
510000,0.1,126
510000,0.1,130
510000,0.1,143
510000,0.1,118
510000,0.1,136
510000,0.1,137
510000,0.1,111
510000,0.1,124
510000,0.1,123
510000,0.1,138
520000,0.1,119
520000,0.1,133
520000,0.1,121
520000,0.1,133
520000,0.1,122
520000,0.1,131
520000,0.1,125
520000,0.1,132
520000,0.1,140
520000,0.1,122
520000,0.1,138
520000,0.1,126
520000,0.1,127
520000,0.1,143
520000,0.1,119
520000,0.1,174
520000,0.1,145
520000,0.1,140
520000,0.1,123
520000,0.1,136
520000,0.1,151
520000,0.1,136
520000,0.1,116
520000,0.1,137
520000,0.1,123
520000,0.1,139
520000,0.1,125
520000,0.1,124
520000,0.1,135
520000,0.1,182
520000,0.1,142
520000,0.1,150
520000,0.1,131
520000,0.1,126
520000,0.1,152
520000,0.1,116
520000,0.1,127
520000,0.1,127
520000,0.1,125
520000,0.1,128
520000,0.1,124
520000,0.1,119
520000,0.1,138
520000,0.1,148
520000,0.1,127
520000,0.1,123
520000,0.1,137
520000,0.1,149
520000,0.1,129
520000,0.1,131
530000,0.1,137
530000,0.1,124
530000,0.1,132
530000,0.1,128
530000,0.1,130
530000,0.1,135
530000,0.1,120
530000,0.1,120
530000,0.1,133
530000,0.1,123
530000,0.1,127
530000,0.1,122
530000,0.1,130
530000,0.1,141
530000,0.1,127
530000,0.1,111
530000,0.1,125
530000,0.1,133
530000,0.1,126
530000,0.1,122
530000,0.1,129
530000,0.1,119
530000,0.1,128
530000,0.1,129
530000,0.1,126
530000,0.1,132
530000,0.1,120
530000,0.1,128
530000,0.1,139
530000,0.1,137
530000,0.1,148
530000,0.1,129
530000,0.1,131
530000,0.1,132
530000,0.1,123
530000,0.1,129
530000,0.1,131
530000,0.1,123
530000,0.1,137
530000,0.1,152
530000,0.1,124
530000,0.1,149
530000,0.1,135
530000,0.1,124
530000,0.1,115
530000,0.1,139
530000,0.1,133
530000,0.1,122
530000,0.1,133
530000,0.1,113
540000,0.1,135
540000,0.1,133
540000,0.1,142
540000,0.1,117
540000,0.1,149
540000,0.1,120
540000,0.1,158
540000,0.1,126
540000,0.1,159
540000,0.1,150
540000,0.1,122
540000,0.1,142
540000,0.1,145
540000,0.1,162
540000,0.1,138
540000,0.1,125
540000,0.1,135
540000,0.1,150
540000,0.1,124
540000,0.1,140
540000,0.1,135
540000,0.1,116
540000,0.1,150
540000,0.1,137
540000,0.1,129
540000,0.1,133
540000,0.1,118
540000,0.1,154
540000,0.1,136
540000,0.1,120
540000,0.1,124
540000,0.1,156
540000,0.1,126
540000,0.1,122
540000,0.1,118
540000,0.1,129
540000,0.1,136
540000,0.1,124
540000,0.1,115
540000,0.1,124
540000,0.1,117
540000,0.1,134
540000,0.1,121
540000,0.1,143
540000,0.1,128
540000,0.1,119
540000,0.1,118
540000,0.1,109
540000,0.1,125
540000,0.1,129
550000,0.1,130
550000,0.1,120
550000,0.1,124
550000,0.1,134
550000,0.1,129
550000,0.1,143
550000,0.1,121
550000,0.1,131
550000,0.1,137
550000,0.1,162
550000,0.1,125
550000,0.1,124
550000,0.1,116
550000,0.1,139
550000,0.1,116
550000,0.1,123
550000,0.1,131
550000,0.1,122
550000,0.1,137
550000,0.1,123
550000,0.1,119
550000,0.1,166
550000,0.1,134
550000,0.1,129
550000,0.1,130
550000,0.1,134
550000,0.1,149
550000,0.1,123
550000,0.1,128
550000,0.1,157
550000,0.1,135
550000,0.1,118
550000,0.1,140
550000,0.1,139
550000,0.1,168
550000,0.1,132
550000,0.1,151
550000,0.1,142
550000,0.1,130
550000,0.1,135
550000,0.1,156
550000,0.1,123
550000,0.1,117
550000,0.1,119
550000,0.1,118
550000,0.1,138
550000,0.1,131
550000,0.1,138
550000,0.1,143
550000,0.1,131
560000,0.1,121
560000,0.1,129
560000,0.1,114
560000,0.1,123
560000,0.1,129
560000,0.1,128
560000,0.1,151
560000,0.1,133
560000,0.1,128
560000,0.1,122
560000,0.1,145
560000,0.1,160
560000,0.1,116
560000,0.1,132
560000,0.1,113
560000,0.1,128
560000,0.1,147
560000,0.1,121
560000,0.1,116
560000,0.1,123
560000,0.1,127
560000,0.1,115
560000,0.1,125
560000,0.1,115
560000,0.1,125
560000,0.1,140
560000,0.1,116
560000,0.1,119
560000,0.1,124
560000,0.1,131
560000,0.1,143
560000,0.1,118
560000,0.1,131
560000,0.1,133
560000,0.1,116
560000,0.1,126
560000,0.1,133
560000,0.1,132
560000,0.1,147
560000,0.1,123
560000,0.1,131
560000,0.1,137
560000,0.1,132
560000,0.1,126
560000,0.1,116
560000,0.1,135
560000,0.1,121
560000,0.1,126
560000,0.1,142
560000,0.1,118
570000,0.1,126
570000,0.1,134
570000,0.1,143
570000,0.1,134
570000,0.1,133
570000,0.1,134
570000,0.1,134
570000,0.1,126
570000,0.1,116
570000,0.1,124
570000,0.1,145
570000,0.1,133
570000,0.1,136
570000,0.1,137
570000,0.1,121
570000,0.1,120
570000,0.1,157
570000,0.1,140
570000,0.1,125
570000,0.1,127
570000,0.1,133
570000,0.1,123
570000,0.1,126
570000,0.1,136
570000,0.1,139
570000,0.1,129
570000,0.1,129
570000,0.1,123
570000,0.1,149
570000,0.1,126
570000,0.1,129
570000,0.1,116
570000,0.1,133
570000,0.1,132
570000,0.1,119
570000,0.1,120
570000,0.1,133
570000,0.1,120
570000,0.1,137
570000,0.1,145
570000,0.1,127
570000,0.1,128
570000,0.1,122
570000,0.1,122
570000,0.1,123
570000,0.1,123
570000,0.1,142
570000,0.1,120
570000,0.1,129
570000,0.1,131
580000,0.1,137
580000,0.1,138
580000,0.1,126
580000,0.1,114
580000,0.1,123
580000,0.1,151
580000,0.1,135
580000,0.1,133
580000,0.1,134
580000,0.1,125
580000,0.1,137
580000,0.1,141
580000,0.1,135
580000,0.1,155
580000,0.1,120
580000,0.1,139
580000,0.1,146
580000,0.1,141
580000,0.1,126
580000,0.1,116
580000,0.1,120
580000,0.1,119
580000,0.1,137
580000,0.1,132
580000,0.1,122
580000,0.1,120
580000,0.1,120
580000,0.1,116
580000,0.1,129
580000,0.1,119
580000,0.1,128
580000,0.1,115
580000,0.1,138
580000,0.1,147
580000,0.1,124
580000,0.1,139
580000,0.1,140
580000,0.1,131
580000,0.1,138
580000,0.1,135
580000,0.1,131
580000,0.1,143
580000,0.1,163
580000,0.1,144
580000,0.1,168
580000,0.1,125
580000,0.1,145
580000,0.1,138
580000,0.1,124
580000,0.1,137
590000,0.1,124
590000,0.1,117
590000,0.1,145
590000,0.1,132
590000,0.1,163
590000,0.1,157
590000,0.1,129
590000,0.1,114
590000,0.1,118
590000,0.1,132
590000,0.1,120
590000,0.1,137
590000,0.1,118
590000,0.1,119
590000,0.1,153
590000,0.1,141
590000,0.1,131
590000,0.1,126
590000,0.1,135
590000,0.1,158
590000,0.1,140
590000,0.1,140
590000,0.1,150
590000,0.1,133
590000,0.1,135
590000,0.1,138
590000,0.1,130
590000,0.1,131
590000,0.1,141
590000,0.1,152
590000,0.1,132
590000,0.1,130
590000,0.1,114
590000,0.1,126
590000,0.1,165
590000,0.1,127
590000,0.1,130
590000,0.1,139
590000,0.1,119
590000,0.1,111
590000,0.1,126
590000,0.1,148
590000,0.1,138
590000,0.1,121
590000,0.1,150
590000,0.1,137
590000,0.1,134
590000,0.1,126
590000,0.1,146
590000,0.1,130
600000,0.1,139
600000,0.1,136
600000,0.1,134
600000,0.1,127
600000,0.1,128
600000,0.1,154
600000,0.1,134
600000,0.1,119
600000,0.1,131
600000,0.1,129
600000,0.1,134
600000,0.1,120
600000,0.1,135
600000,0.1,118
600000,0.1,129
600000,0.1,137
600000,0.1,135
600000,0.1,139
600000,0.1,119
600000,0.1,128
600000,0.1,140
600000,0.1,119
600000,0.1,131
600000,0.1,122
600000,0.1,145
600000,0.1,114
600000,0.1,126
600000,0.1,123
600000,0.1,128
600000,0.1,136
600000,0.1,123
600000,0.1,114
600000,0.1,121
600000,0.1,126
600000,0.1,123
600000,0.1,113
600000,0.1,147
600000,0.1,115
600000,0.1,130
600000,0.1,123
600000,0.1,131
600000,0.1,133
600000,0.1,135
600000,0.1,133
600000,0.1,123
600000,0.1,149
600000,0.1,122
600000,0.1,129
600000,0.1,135
600000,0.1,133
610000,0.1,150
610000,0.1,152
610000,0.1,132
610000,0.1,127
610000,0.1,123
610000,0.1,124
610000,0.1,125
610000,0.1,127
610000,0.1,125
610000,0.1,129
610000,0.1,179
610000,0.1,137
610000,0.1,140
610000,0.1,137
610000,0.1,118
610000,0.1,137
610000,0.1,129
610000,0.1,124
610000,0.1,118
610000,0.1,129
610000,0.1,137
610000,0.1,139
610000,0.1,120
610000,0.1,138
610000,0.1,132
610000,0.1,125
610000,0.1,139
610000,0.1,136
610000,0.1,155
610000,0.1,130
610000,0.1,124
610000,0.1,124
610000,0.1,142
610000,0.1,122
610000,0.1,142
610000,0.1,132
610000,0.1,132
610000,0.1,131
610000,0.1,144
610000,0.1,130
610000,0.1,127
610000,0.1,141
610000,0.1,130
610000,0.1,139
610000,0.1,133
610000,0.1,151
610000,0.1,140
610000,0.1,132
610000,0.1,125
610000,0.1,134
620000,0.1,151
620000,0.1,126
620000,0.1,124
620000,0.1,148
620000,0.1,139
620000,0.1,109
620000,0.1,123
620000,0.1,137
620000,0.1,119
620000,0.1,128
620000,0.1,132
620000,0.1,114
620000,0.1,152
620000,0.1,157
620000,0.1,121
620000,0.1,137
620000,0.1,131
620000,0.1,117
620000,0.1,120
620000,0.1,110
620000,0.1,130
620000,0.1,137
620000,0.1,131
620000,0.1,136
620000,0.1,135
620000,0.1,125
620000,0.1,143
620000,0.1,128
620000,0.1,156
620000,0.1,146
620000,0.1,117
620000,0.1,133
620000,0.1,122
620000,0.1,135
620000,0.1,141
620000,0.1,124
620000,0.1,125
620000,0.1,118
620000,0.1,152
620000,0.1,133
620000,0.1,113
620000,0.1,143
620000,0.1,120
620000,0.1,129
620000,0.1,142
620000,0.1,124
620000,0.1,139
620000,0.1,127
620000,0.1,142
620000,0.1,138
630000,0.1,114
630000,0.1,114
630000,0.1,127
630000,0.1,141
630000,0.1,125
630000,0.1,123
630000,0.1,130
630000,0.1,140
630000,0.1,136
630000,0.1,123
630000,0.1,113
630000,0.1,127
630000,0.1,161
630000,0.1,139
630000,0.1,129
630000,0.1,125
630000,0.1,146
630000,0.1,138
630000,0.1,120
630000,0.1,118
630000,0.1,121
630000,0.1,121
630000,0.1,142
630000,0.1,138
630000,0.1,137
630000,0.1,117
630000,0.1,128
630000,0.1,129
630000,0.1,124
630000,0.1,120
630000,0.1,134
630000,0.1,123
630000,0.1,140
630000,0.1,128
630000,0.1,133
630000,0.1,146
630000,0.1,139
630000,0.1,147
630000,0.1,117
630000,0.1,120
630000,0.1,125
630000,0.1,134
630000,0.1,132
630000,0.1,120
630000,0.1,131
630000,0.1,133
630000,0.1,123
630000,0.1,152
630000,0.1,135
630000,0.1,142
640000,0.1,124
640000,0.1,126
640000,0.1,115
640000,0.1,127
640000,0.1,142
640000,0.1,130
640000,0.1,148
640000,0.1,141
640000,0.1,113
640000,0.1,117
640000,0.1,131
640000,0.1,131
640000,0.1,131
640000,0.1,127
640000,0.1,138
640000,0.1,137
640000,0.1,118
640000,0.1,150
640000,0.1,151
640000,0.1,120
640000,0.1,144
640000,0.1,118
640000,0.1,121
640000,0.1,122
640000,0.1,135
640000,0.1,133
640000,0.1,117
640000,0.1,130
640000,0.1,131
640000,0.1,139
640000,0.1,138
640000,0.1,116
640000,0.1,128
640000,0.1,122
640000,0.1,154
640000,0.1,142
640000,0.1,150
640000,0.1,159
640000,0.1,135
640000,0.1,133
640000,0.1,126
640000,0.1,129
640000,0.1,137
640000,0.1,150
640000,0.1,141
640000,0.1,142
640000,0.1,127
640000,0.1,132
640000,0.1,114
640000,0.1,154
650000,0.1,128
650000,0.1,118
650000,0.1,139
650000,0.1,129
650000,0.1,128
650000,0.1,129
650000,0.1,123
650000,0.1,126
650000,0.1,128
650000,0.1,135
650000,0.1,149
650000,0.1,131
650000,0.1,135
650000,0.1,147
650000,0.1,133
650000,0.1,110
650000,0.1,142
650000,0.1,140
650000,0.1,140
650000,0.1,140
650000,0.1,148
650000,0.1,122
650000,0.1,130
650000,0.1,146
650000,0.1,139
650000,0.1,141
650000,0.1,152
650000,0.1,145
650000,0.1,126
650000,0.1,134
650000,0.1,156
650000,0.1,133
650000,0.1,115
650000,0.1,131
650000,0.1,135
650000,0.1,132
650000,0.1,134
650000,0.1,139
650000,0.1,126
650000,0.1,118
650000,0.1,135
650000,0.1,147
650000,0.1,142
650000,0.1,116
650000,0.1,126
650000,0.1,150
650000,0.1,127
650000,0.1,141
650000,0.1,129
650000,0.1,136
660000,0.1,124
660000,0.1,141
660000,0.1,127
660000,0.1,122
660000,0.1,139
660000,0.1,135
660000,0.1,124
660000,0.1,120
660000,0.1,157
660000,0.1,163
660000,0.1,143
660000,0.1,137
660000,0.1,132
660000,0.1,123
660000,0.1,150
660000,0.1,131
660000,0.1,144
660000,0.1,115
660000,0.1,125
660000,0.1,155
660000,0.1,144
660000,0.1,129
660000,0.1,125
660000,0.1,159
660000,0.1,136
660000,0.1,143
660000,0.1,147
660000,0.1,144
660000,0.1,134
660000,0.1,121
660000,0.1,141
660000,0.1,133
660000,0.1,125
660000,0.1,145
660000,0.1,111
660000,0.1,122
660000,0.1,116
660000,0.1,143
660000,0.1,126
660000,0.1,119
660000,0.1,117
660000,0.1,133
660000,0.1,118
660000,0.1,133
660000,0.1,128
660000,0.1,150
660000,0.1,140
660000,0.1,176
660000,0.1,126
660000,0.1,123
670000,0.1,135
670000,0.1,127
670000,0.1,137
670000,0.1,124
670000,0.1,131
670000,0.1,128
670000,0.1,138
670000,0.1,152
670000,0.1,154
670000,0.1,153
670000,0.1,126
670000,0.1,164
670000,0.1,159
670000,0.1,128
670000,0.1,138
670000,0.1,133
670000,0.1,145
670000,0.1,145
670000,0.1,130
670000,0.1,126
670000,0.1,127
670000,0.1,121
670000,0.1,124
670000,0.1,124
670000,0.1,129
670000,0.1,150
670000,0.1,138
670000,0.1,130
670000,0.1,134
670000,0.1,125
670000,0.1,126
670000,0.1,133
670000,0.1,135
670000,0.1,115
670000,0.1,140
670000,0.1,149
670000,0.1,120
670000,0.1,118
670000,0.1,149
670000,0.1,121
670000,0.1,135
670000,0.1,112
670000,0.1,148
670000,0.1,138
670000,0.1,131
670000,0.1,134
670000,0.1,139
670000,0.1,125
670000,0.1,135
670000,0.1,131
680000,0.1,127
680000,0.1,125
680000,0.1,158
680000,0.1,131
680000,0.1,136
680000,0.1,136
680000,0.1,139
680000,0.1,166
680000,0.1,126
680000,0.1,138
680000,0.1,137
680000,0.1,146
680000,0.1,135
680000,0.1,124
680000,0.1,129
680000,0.1,128
680000,0.1,160
680000,0.1,150
680000,0.1,131
680000,0.1,139
680000,0.1,132
680000,0.1,124
680000,0.1,117
680000,0.1,120
680000,0.1,132
680000,0.1,125
680000,0.1,130
680000,0.1,130
680000,0.1,130
680000,0.1,141
680000,0.1,136
680000,0.1,153
680000,0.1,164
680000,0.1,128
680000,0.1,133
680000,0.1,125
680000,0.1,155
680000,0.1,135
680000,0.1,119
680000,0.1,158
680000,0.1,126
680000,0.1,147
680000,0.1,136
680000,0.1,141
680000,0.1,174
680000,0.1,143
680000,0.1,132
680000,0.1,120
680000,0.1,132
680000,0.1,121
690000,0.1,162
690000,0.1,136
690000,0.1,125
690000,0.1,157
690000,0.1,136
690000,0.1,134
690000,0.1,166
690000,0.1,135
690000,0.1,143
690000,0.1,129
690000,0.1,135
690000,0.1,159
690000,0.1,151
690000,0.1,132
690000,0.1,112
690000,0.1,120
690000,0.1,129
690000,0.1,125
690000,0.1,120
690000,0.1,124
690000,0.1,117
690000,0.1,154
690000,0.1,129
690000,0.1,115
690000,0.1,146
690000,0.1,120
690000,0.1,134
690000,0.1,146
690000,0.1,140
690000,0.1,138
690000,0.1,134
690000,0.1,119
690000,0.1,129
690000,0.1,137
690000,0.1,126
690000,0.1,121
690000,0.1,130
690000,0.1,116
690000,0.1,128
690000,0.1,126
690000,0.1,132
690000,0.1,142
690000,0.1,133
690000,0.1,139
690000,0.1,128
690000,0.1,157
690000,0.1,125
690000,0.1,128
690000,0.1,129
690000,0.1,131
700000,0.1,134
700000,0.1,137
700000,0.1,123
700000,0.1,145
700000,0.1,124
700000,0.1,142
700000,0.1,142
700000,0.1,128
700000,0.1,131
700000,0.1,133
700000,0.1,142
700000,0.1,131
700000,0.1,120
700000,0.1,121
700000,0.1,157
700000,0.1,143
700000,0.1,136
700000,0.1,125
700000,0.1,127
700000,0.1,145
700000,0.1,155
700000,0.1,124
700000,0.1,145
700000,0.1,147
700000,0.1,137
700000,0.1,129
700000,0.1,136
700000,0.1,139
700000,0.1,126
700000,0.1,129
700000,0.1,149
700000,0.1,122
700000,0.1,133
700000,0.1,132
700000,0.1,124
700000,0.1,124
700000,0.1,139
700000,0.1,133
700000,0.1,122
700000,0.1,137
700000,0.1,130
700000,0.1,131
700000,0.1,131
700000,0.1,117
700000,0.1,132
700000,0.1,121
700000,0.1,125
700000,0.1,121
700000,0.1,138
700000,0.1,122
710000,0.1,131
710000,0.1,125
710000,0.1,117
710000,0.1,124
710000,0.1,132
710000,0.1,161
710000,0.1,119
710000,0.1,129
710000,0.1,129
710000,0.1,161
710000,0.1,125
710000,0.1,133
710000,0.1,138
710000,0.1,125
710000,0.1,144
710000,0.1,121
710000,0.1,141
710000,0.1,123
710000,0.1,142
710000,0.1,138
710000,0.1,118
710000,0.1,128
710000,0.1,145
710000,0.1,149
710000,0.1,132
710000,0.1,144
710000,0.1,121
710000,0.1,134
710000,0.1,138
710000,0.1,120
710000,0.1,117
710000,0.1,137
710000,0.1,127
710000,0.1,132
710000,0.1,119
710000,0.1,139
710000,0.1,157
710000,0.1,144
710000,0.1,114
710000,0.1,135
710000,0.1,126
710000,0.1,125
710000,0.1,132
710000,0.1,112
710000,0.1,115
710000,0.1,132
710000,0.1,141
710000,0.1,129
710000,0.1,153
710000,0.1,138
720000,0.1,132
720000,0.1,139
720000,0.1,139
720000,0.1,139
720000,0.1,136
720000,0.1,125
720000,0.1,130
720000,0.1,130
720000,0.1,124
720000,0.1,135
720000,0.1,139
720000,0.1,128
720000,0.1,122
720000,0.1,144
720000,0.1,139
720000,0.1,135
720000,0.1,130
720000,0.1,140
720000,0.1,159
720000,0.1,146
720000,0.1,121
720000,0.1,124
720000,0.1,157
720000,0.1,145
720000,0.1,114
720000,0.1,125
720000,0.1,122
720000,0.1,148
720000,0.1,119
720000,0.1,126
720000,0.1,146
720000,0.1,148
720000,0.1,128
720000,0.1,134
720000,0.1,124
720000,0.1,127
720000,0.1,169
720000,0.1,138
720000,0.1,145
720000,0.1,153
720000,0.1,140
720000,0.1,119
720000,0.1,126
720000,0.1,119
720000,0.1,130
720000,0.1,119
720000,0.1,131
720000,0.1,117
720000,0.1,141
720000,0.1,122
730000,0.1,127
730000,0.1,137
730000,0.1,136
730000,0.1,136
730000,0.1,122
730000,0.1,128
730000,0.1,165
730000,0.1,134
730000,0.1,144
730000,0.1,120
730000,0.1,138
730000,0.1,143
730000,0.1,122
730000,0.1,137
730000,0.1,127
730000,0.1,154
730000,0.1,156
730000,0.1,169
730000,0.1,135
730000,0.1,133
730000,0.1,124
730000,0.1,141
730000,0.1,138
730000,0.1,126
730000,0.1,140
730000,0.1,134
730000,0.1,141
730000,0.1,129
730000,0.1,132
730000,0.1,143
730000,0.1,154
730000,0.1,131
730000,0.1,145
730000,0.1,113
730000,0.1,128
730000,0.1,137
730000,0.1,128
730000,0.1,171
730000,0.1,137
730000,0.1,130
730000,0.1,131
730000,0.1,124
730000,0.1,123
730000,0.1,153
730000,0.1,147
730000,0.1,133
730000,0.1,121
730000,0.1,148
730000,0.1,153
730000,0.1,135
740000,0.1,133
740000,0.1,131
740000,0.1,126
740000,0.1,122
740000,0.1,124
740000,0.1,132
740000,0.1,139
740000,0.1,120
740000,0.1,128
740000,0.1,127
740000,0.1,143
740000,0.1,132
740000,0.1,132
740000,0.1,121
740000,0.1,138
740000,0.1,122
740000,0.1,130
740000,0.1,140
740000,0.1,156
740000,0.1,135
740000,0.1,135
740000,0.1,118
740000,0.1,149
740000,0.1,149
740000,0.1,168
740000,0.1,126
740000,0.1,179
740000,0.1,144
740000,0.1,132
740000,0.1,144
740000,0.1,135
740000,0.1,126
740000,0.1,133
740000,0.1,145
740000,0.1,120
740000,0.1,125
740000,0.1,129
740000,0.1,130
740000,0.1,132
740000,0.1,125
740000,0.1,134
740000,0.1,132
740000,0.1,129
740000,0.1,157
740000,0.1,130
740000,0.1,120
740000,0.1,135
740000,0.1,137
740000,0.1,123
740000,0.1,128
750000,0.1,125
750000,0.1,127
750000,0.1,125
750000,0.1,173
750000,0.1,124
750000,0.1,130
750000,0.1,139
750000,0.1,137
750000,0.1,157
750000,0.1,134
750000,0.1,145
750000,0.1,126
750000,0.1,157
750000,0.1,131
750000,0.1,148
750000,0.1,129
750000,0.1,137
750000,0.1,133
750000,0.1,120
750000,0.1,131
750000,0.1,143
750000,0.1,132
750000,0.1,169
750000,0.1,139
750000,0.1,124
750000,0.1,125
750000,0.1,141
750000,0.1,140
750000,0.1,126
750000,0.1,121
750000,0.1,156
750000,0.1,149
750000,0.1,123
750000,0.1,120
750000,0.1,146
750000,0.1,125
750000,0.1,127
750000,0.1,149
750000,0.1,125
750000,0.1,129
750000,0.1,137
750000,0.1,131
750000,0.1,131
750000,0.1,132
750000,0.1,137
750000,0.1,111
750000,0.1,155
750000,0.1,138
750000,0.1,142
750000,0.1,138
760000,0.1,142
760000,0.1,127
760000,0.1,139
760000,0.1,120
760000,0.1,120
760000,0.1,161
760000,0.1,118
760000,0.1,141
760000,0.1,139
760000,0.1,132
760000,0.1,138
760000,0.1,116
760000,0.1,142
760000,0.1,138
760000,0.1,136
760000,0.1,125
760000,0.1,146
760000,0.1,133
760000,0.1,156
760000,0.1,135
760000,0.1,159
760000,0.1,141
760000,0.1,121
760000,0.1,126
760000,0.1,120
760000,0.1,129
760000,0.1,127
760000,0.1,141
760000,0.1,134
760000,0.1,120
760000,0.1,141
760000,0.1,128
760000,0.1,119
760000,0.1,135
760000,0.1,130
760000,0.1,120
760000,0.1,133
760000,0.1,120
760000,0.1,174
760000,0.1,134
760000,0.1,135
760000,0.1,137
760000,0.1,139
760000,0.1,131
760000,0.1,148
760000,0.1,176
760000,0.1,135
760000,0.1,128
760000,0.1,137
760000,0.1,164
770000,0.1,165
770000,0.1,126
770000,0.1,132
770000,0.1,176
770000,0.1,150
770000,0.1,185
770000,0.1,124
770000,0.1,137
770000,0.1,150
770000,0.1,141
770000,0.1,130
770000,0.1,130
770000,0.1,165
770000,0.1,148
770000,0.1,139
770000,0.1,140
770000,0.1,122
770000,0.1,119
770000,0.1,159
770000,0.1,128
770000,0.1,124
770000,0.1,151
770000,0.1,144
770000,0.1,126
770000,0.1,123
770000,0.1,136
770000,0.1,118
770000,0.1,132
770000,0.1,148
770000,0.1,139
770000,0.1,121
770000,0.1,140
770000,0.1,146
770000,0.1,144
770000,0.1,129
770000,0.1,147
770000,0.1,124
770000,0.1,144
770000,0.1,128
770000,0.1,128
770000,0.1,133
770000,0.1,129
770000,0.1,129
770000,0.1,137
770000,0.1,139
770000,0.1,130
770000,0.1,118
770000,0.1,146
770000,0.1,127
770000,0.1,127
780000,0.1,127
780000,0.1,112
780000,0.1,135
780000,0.1,116
780000,0.1,139
780000,0.1,155
780000,0.1,158
780000,0.1,135
780000,0.1,154
780000,0.1,154
780000,0.1,128
780000,0.1,123
780000,0.1,149
780000,0.1,127
780000,0.1,124
780000,0.1,126
780000,0.1,131
780000,0.1,144
780000,0.1,130
780000,0.1,114
780000,0.1,130
780000,0.1,134
780000,0.1,162
780000,0.1,136
780000,0.1,156
780000,0.1,147
780000,0.1,124
780000,0.1,130
780000,0.1,127
780000,0.1,140
780000,0.1,141
780000,0.1,141
780000,0.1,113
780000,0.1,123
780000,0.1,136
780000,0.1,156
780000,0.1,150
780000,0.1,126
780000,0.1,122
780000,0.1,120
780000,0.1,130
780000,0.1,149
780000,0.1,134
780000,0.1,150
780000,0.1,164
780000,0.1,124
780000,0.1,130
780000,0.1,142
780000,0.1,126
780000,0.1,159
790000,0.1,132
790000,0.1,145
790000,0.1,127
790000,0.1,136
790000,0.1,139
790000,0.1,147
790000,0.1,121
790000,0.1,131
790000,0.1,146
790000,0.1,140
790000,0.1,114
790000,0.1,136
790000,0.1,119
790000,0.1,134
790000,0.1,125
790000,0.1,132
790000,0.1,130
790000,0.1,142
790000,0.1,142
790000,0.1,139
790000,0.1,129
790000,0.1,115
790000,0.1,124
790000,0.1,126
790000,0.1,132
790000,0.1,154
790000,0.1,129
790000,0.1,130
790000,0.1,141
790000,0.1,150
790000,0.1,125
790000,0.1,143
790000,0.1,122
790000,0.1,118
790000,0.1,127
790000,0.1,163
790000,0.1,142
790000,0.1,134
790000,0.1,137
790000,0.1,116
790000,0.1,132
790000,0.1,127
790000,0.1,126
790000,0.1,142
790000,0.1,137
790000,0.1,144
790000,0.1,129
790000,0.1,122
790000,0.1,117
790000,0.1,133
800000,0.1,154
800000,0.1,130
800000,0.1,128
800000,0.1,133
800000,0.1,139
800000,0.1,167
800000,0.1,133
800000,0.1,137
800000,0.1,122
800000,0.1,120
800000,0.1,156
800000,0.1,130
800000,0.1,132
800000,0.1,137
800000,0.1,139
800000,0.1,127
800000,0.1,127
800000,0.1,144
800000,0.1,139
800000,0.1,141
800000,0.1,123
800000,0.1,139
800000,0.1,122
800000,0.1,147
800000,0.1,118
800000,0.1,125
800000,0.1,118
800000,0.1,121
800000,0.1,127
800000,0.1,127
800000,0.1,128
800000,0.1,133
800000,0.1,128
800000,0.1,138
800000,0.1,119
800000,0.1,132
800000,0.1,129
800000,0.1,137
800000,0.1,144
800000,0.1,146
800000,0.1,145
800000,0.1,156
800000,0.1,152
800000,0.1,143
800000,0.1,126
800000,0.1,145
800000,0.1,128
800000,0.1,121
800000,0.1,124
800000,0.1,121
810000,0.1,144
810000,0.1,125
810000,0.1,138
810000,0.1,128
810000,0.1,116
810000,0.1,119
810000,0.1,139
810000,0.1,127
810000,0.1,123
810000,0.1,132
810000,0.1,117
810000,0.1,131
810000,0.1,150
810000,0.1,123
810000,0.1,148
810000,0.1,130
810000,0.1,132
810000,0.1,137
810000,0.1,131
810000,0.1,126
810000,0.1,128
810000,0.1,152
810000,0.1,122
810000,0.1,148
810000,0.1,118
810000,0.1,156
810000,0.1,142
810000,0.1,159
810000,0.1,132
810000,0.1,133
810000,0.1,138
810000,0.1,163
810000,0.1,142
810000,0.1,145
810000,0.1,187
810000,0.1,124
810000,0.1,120
810000,0.1,127
810000,0.1,131
810000,0.1,133
810000,0.1,139
810000,0.1,131
810000,0.1,121
810000,0.1,124
810000,0.1,127
810000,0.1,148
810000,0.1,135
810000,0.1,132
810000,0.1,124
810000,0.1,154
820000,0.1,132
820000,0.1,148
820000,0.1,137
820000,0.1,131
820000,0.1,129
820000,0.1,126
820000,0.1,133
820000,0.1,143
820000,0.1,126
820000,0.1,131
820000,0.1,130
820000,0.1,123
820000,0.1,124
820000,0.1,203
820000,0.1,132
820000,0.1,150
820000,0.1,125
820000,0.1,141
820000,0.1,120
820000,0.1,153
820000,0.1,135
820000,0.1,164
820000,0.1,130
820000,0.1,152
820000,0.1,170
820000,0.1,149
820000,0.1,140
820000,0.1,137
820000,0.1,123
820000,0.1,125
820000,0.1,124
820000,0.1,135
820000,0.1,143
820000,0.1,118
820000,0.1,128
820000,0.1,110
820000,0.1,140
820000,0.1,124
820000,0.1,119
820000,0.1,134
820000,0.1,130
820000,0.1,124
820000,0.1,120
820000,0.1,145
820000,0.1,128
820000,0.1,138
820000,0.1,120
820000,0.1,138
820000,0.1,123
820000,0.1,129
830000,0.1,134
830000,0.1,116
830000,0.1,140
830000,0.1,127
830000,0.1,131
830000,0.1,129
830000,0.1,201
830000,0.1,124
830000,0.1,124
830000,0.1,137
830000,0.1,125
830000,0.1,134
830000,0.1,135
830000,0.1,136
830000,0.1,136
830000,0.1,145
830000,0.1,139
830000,0.1,128
830000,0.1,142
830000,0.1,152
830000,0.1,135
830000,0.1,114
830000,0.1,136
830000,0.1,129
830000,0.1,124
830000,0.1,147
830000,0.1,131
830000,0.1,156
830000,0.1,139
830000,0.1,156
830000,0.1,122
830000,0.1,135
830000,0.1,142
830000,0.1,131
830000,0.1,151
830000,0.1,129
830000,0.1,133
830000,0.1,134
830000,0.1,165
830000,0.1,133
830000,0.1,129
830000,0.1,119
830000,0.1,135
830000,0.1,135
830000,0.1,136
830000,0.1,127
830000,0.1,129
830000,0.1,125
830000,0.1,139
830000,0.1,148
840000,0.1,139
840000,0.1,145
840000,0.1,148
840000,0.1,124
840000,0.1,134
840000,0.1,137
840000,0.1,141
840000,0.1,121
840000,0.1,140
840000,0.1,143
840000,0.1,131
840000,0.1,124
840000,0.1,126
840000,0.1,130
840000,0.1,124
840000,0.1,138
840000,0.1,147
840000,0.1,143
840000,0.1,127
840000,0.1,167
840000,0.1,126
840000,0.1,120
840000,0.1,144
840000,0.1,130
840000,0.1,121
840000,0.1,126
840000,0.1,138
840000,0.1,131
840000,0.1,119
840000,0.1,117
840000,0.1,127
840000,0.1,145
840000,0.1,126
840000,0.1,137
840000,0.1,134
840000,0.1,137
840000,0.1,131
840000,0.1,131
840000,0.1,147
840000,0.1,139
840000,0.1,126
840000,0.1,121
840000,0.1,132
840000,0.1,119
840000,0.1,143
840000,0.1,149
840000,0.1,128
840000,0.1,130
840000,0.1,149
840000,0.1,122
850000,0.1,140
850000,0.1,134
850000,0.1,152
850000,0.1,135
850000,0.1,126
850000,0.1,135
850000,0.1,144
850000,0.1,136
850000,0.1,124
850000,0.1,124
850000,0.1,120
850000,0.1,123
850000,0.1,143
850000,0.1,124
850000,0.1,128
850000,0.1,126
850000,0.1,145
850000,0.1,144
850000,0.1,124
850000,0.1,131
850000,0.1,145
850000,0.1,137
850000,0.1,136
850000,0.1,133
850000,0.1,146
850000,0.1,144
850000,0.1,135
850000,0.1,130
850000,0.1,150
850000,0.1,145
850000,0.1,125
850000,0.1,136
850000,0.1,133
850000,0.1,128
850000,0.1,120
850000,0.1,131
850000,0.1,132
850000,0.1,153
850000,0.1,145
850000,0.1,155
850000,0.1,130
850000,0.1,126
850000,0.1,139
850000,0.1,162
850000,0.1,137
850000,0.1,137
850000,0.1,168
850000,0.1,135
850000,0.1,144
850000,0.1,123
860000,0.1,162
860000,0.1,123
860000,0.1,120
860000,0.1,155
860000,0.1,131
860000,0.1,125
860000,0.1,150
860000,0.1,148
860000,0.1,166
860000,0.1,151
860000,0.1,120
860000,0.1,129
860000,0.1,123
860000,0.1,145
860000,0.1,125
860000,0.1,134
860000,0.1,150
860000,0.1,157
860000,0.1,129
860000,0.1,142
860000,0.1,130
860000,0.1,141
860000,0.1,139
860000,0.1,127
860000,0.1,119
860000,0.1,133
860000,0.1,128
860000,0.1,154
860000,0.1,136
860000,0.1,139
860000,0.1,141
860000,0.1,162
860000,0.1,135
860000,0.1,130
860000,0.1,140
860000,0.1,129
860000,0.1,131
860000,0.1,135
860000,0.1,132
860000,0.1,142
860000,0.1,136
860000,0.1,133
860000,0.1,168
860000,0.1,129
860000,0.1,151
860000,0.1,134
860000,0.1,135
860000,0.1,141
860000,0.1,158
860000,0.1,120
870000,0.1,136
870000,0.1,125
870000,0.1,127
870000,0.1,128
870000,0.1,134
870000,0.1,129
870000,0.1,141
870000,0.1,135
870000,0.1,122
870000,0.1,156
870000,0.1,119
870000,0.1,128
870000,0.1,158
870000,0.1,139
870000,0.1,146
870000,0.1,124
870000,0.1,144
870000,0.1,130
870000,0.1,123
870000,0.1,126
870000,0.1,133
870000,0.1,141
870000,0.1,145
870000,0.1,141
870000,0.1,142
870000,0.1,141
870000,0.1,120
870000,0.1,158
870000,0.1,168
870000,0.1,133
870000,0.1,138
870000,0.1,139
870000,0.1,140
870000,0.1,129
870000,0.1,164
870000,0.1,117
870000,0.1,147
870000,0.1,135
870000,0.1,129
870000,0.1,132
870000,0.1,148
870000,0.1,143
870000,0.1,149
870000,0.1,130
870000,0.1,164
870000,0.1,131
870000,0.1,132
870000,0.1,136
870000,0.1,136
870000,0.1,136
880000,0.1,148
880000,0.1,154
880000,0.1,121
880000,0.1,123
880000,0.1,152
880000,0.1,125
880000,0.1,141
880000,0.1,128
880000,0.1,132
880000,0.1,130
880000,0.1,130
880000,0.1,131
880000,0.1,126
880000,0.1,126
880000,0.1,143
880000,0.1,140
880000,0.1,135
880000,0.1,132
880000,0.1,128
880000,0.1,129
880000,0.1,135
880000,0.1,122
880000,0.1,133
880000,0.1,121
880000,0.1,124
880000,0.1,141
880000,0.1,153
880000,0.1,132
880000,0.1,187
880000,0.1,136
880000,0.1,132
880000,0.1,124
880000,0.1,147
880000,0.1,129
880000,0.1,161
880000,0.1,145
880000,0.1,138
880000,0.1,134
880000,0.1,139
880000,0.1,137
880000,0.1,120
880000,0.1,135
880000,0.1,132
880000,0.1,126
880000,0.1,134
880000,0.1,134
880000,0.1,141
880000,0.1,167
880000,0.1,139
880000,0.1,138
890000,0.1,145
890000,0.1,128
890000,0.1,131
890000,0.1,167
890000,0.1,133
890000,0.1,147
890000,0.1,160
890000,0.1,125
890000,0.1,144
890000,0.1,130
890000,0.1,125
890000,0.1,142
890000,0.1,131
890000,0.1,143
890000,0.1,121
890000,0.1,138
890000,0.1,144
890000,0.1,135
890000,0.1,126
890000,0.1,135
890000,0.1,150
890000,0.1,133
890000,0.1,134
890000,0.1,132
890000,0.1,165
890000,0.1,122
890000,0.1,162
890000,0.1,140
890000,0.1,136
890000,0.1,134
890000,0.1,126
890000,0.1,136
890000,0.1,144
890000,0.1,141
890000,0.1,138
890000,0.1,166
890000,0.1,159
890000,0.1,157
890000,0.1,148
890000,0.1,134
890000,0.1,149
890000,0.1,127
890000,0.1,126
890000,0.1,128
890000,0.1,126
890000,0.1,117
890000,0.1,167
890000,0.1,132
890000,0.1,138
890000,0.1,127
900000,0.1,124
900000,0.1,148
900000,0.1,142
900000,0.1,139
900000,0.1,133
900000,0.1,128
900000,0.1,147
900000,0.1,137
900000,0.1,146
900000,0.1,157
900000,0.1,172
900000,0.1,134
900000,0.1,154
900000,0.1,131
900000,0.1,139
900000,0.1,135
900000,0.1,141
900000,0.1,120
900000,0.1,132
900000,0.1,145
900000,0.1,138
900000,0.1,130
900000,0.1,133
900000,0.1,128
900000,0.1,127
900000,0.1,131
900000,0.1,158
900000,0.1,155
900000,0.1,142
900000,0.1,154
900000,0.1,137
900000,0.1,132
900000,0.1,127
900000,0.1,129
900000,0.1,157
900000,0.1,149
900000,0.1,134
900000,0.1,122
900000,0.1,132
900000,0.1,130
900000,0.1,164
900000,0.1,131
900000,0.1,136
900000,0.1,134
900000,0.1,126
900000,0.1,138
900000,0.1,136
900000,0.1,130
900000,0.1,140
900000,0.1,140
910000,0.1,126
910000,0.1,173
910000,0.1,128
910000,0.1,139
910000,0.1,143
910000,0.1,126
910000,0.1,137
910000,0.1,146
910000,0.1,142
910000,0.1,138
910000,0.1,143
910000,0.1,145
910000,0.1,144
910000,0.1,135
910000,0.1,139
910000,0.1,125
910000,0.1,143
910000,0.1,141
910000,0.1,138
910000,0.1,128
910000,0.1,137
910000,0.1,127
910000,0.1,146
910000,0.1,135
910000,0.1,130
910000,0.1,128
910000,0.1,144
910000,0.1,137
910000,0.1,133
910000,0.1,161
910000,0.1,128
910000,0.1,126
910000,0.1,122
910000,0.1,154
910000,0.1,129
910000,0.1,136
910000,0.1,134
910000,0.1,122
910000,0.1,145
910000,0.1,147
910000,0.1,127
910000,0.1,135
910000,0.1,131
910000,0.1,131
910000,0.1,143
910000,0.1,139
910000,0.1,137
910000,0.1,142
910000,0.1,166
910000,0.1,163
920000,0.1,126
920000,0.1,140
920000,0.1,121
920000,0.1,137
920000,0.1,122
920000,0.1,157
920000,0.1,141
920000,0.1,127
920000,0.1,127
920000,0.1,132
920000,0.1,125
920000,0.1,125
920000,0.1,141
920000,0.1,142
920000,0.1,139
920000,0.1,139
920000,0.1,176
920000,0.1,138
920000,0.1,115
920000,0.1,139
920000,0.1,145
920000,0.1,151
920000,0.1,147
920000,0.1,138
920000,0.1,128
920000,0.1,152
920000,0.1,161
920000,0.1,134
920000,0.1,130
920000,0.1,131
920000,0.1,144
920000,0.1,137
920000,0.1,139
920000,0.1,156
920000,0.1,136
920000,0.1,125
920000,0.1,136
920000,0.1,126
920000,0.1,130
920000,0.1,146
920000,0.1,151
920000,0.1,136
920000,0.1,124
920000,0.1,138
920000,0.1,140
920000,0.1,155
920000,0.1,149
920000,0.1,130
920000,0.1,132
920000,0.1,131
930000,0.1,135
930000,0.1,136
930000,0.1,131
930000,0.1,128
930000,0.1,128
930000,0.1,128
930000,0.1,125
930000,0.1,142
930000,0.1,128
930000,0.1,132
930000,0.1,129
930000,0.1,123
930000,0.1,121
930000,0.1,142
930000,0.1,124
930000,0.1,129
930000,0.1,131
930000,0.1,129
930000,0.1,131
930000,0.1,133
930000,0.1,124
930000,0.1,128
930000,0.1,143
930000,0.1,149
930000,0.1,158
930000,0.1,126
930000,0.1,133
930000,0.1,136
930000,0.1,135
930000,0.1,145
930000,0.1,142
930000,0.1,131
930000,0.1,133
930000,0.1,158
930000,0.1,115
930000,0.1,136
930000,0.1,119
930000,0.1,130
930000,0.1,132
930000,0.1,145
930000,0.1,128
930000,0.1,134
930000,0.1,167
930000,0.1,124
930000,0.1,156
930000,0.1,131
930000,0.1,131
930000,0.1,127
930000,0.1,123
930000,0.1,129
940000,0.1,122
940000,0.1,166
940000,0.1,185
940000,0.1,132
940000,0.1,137
940000,0.1,140
940000,0.1,132
940000,0.1,126
940000,0.1,141
940000,0.1,135
940000,0.1,117
940000,0.1,129
940000,0.1,144
940000,0.1,149
940000,0.1,132
940000,0.1,127
940000,0.1,136
940000,0.1,136
940000,0.1,135
940000,0.1,134
940000,0.1,136
940000,0.1,134
940000,0.1,144
940000,0.1,158
940000,0.1,132
940000,0.1,128
940000,0.1,133
940000,0.1,141
940000,0.1,125
940000,0.1,138
940000,0.1,155
940000,0.1,122
940000,0.1,139
940000,0.1,130
940000,0.1,143
940000,0.1,172
940000,0.1,123
940000,0.1,125
940000,0.1,160
940000,0.1,129
940000,0.1,165
940000,0.1,150
940000,0.1,128
940000,0.1,147
940000,0.1,155
940000,0.1,168
940000,0.1,146
940000,0.1,122
940000,0.1,152
940000,0.1,142
950000,0.1,168
950000,0.1,124
950000,0.1,165
950000,0.1,126
950000,0.1,143
950000,0.1,163
950000,0.1,161
950000,0.1,136
950000,0.1,130
950000,0.1,123
950000,0.1,137
950000,0.1,144
950000,0.1,127
950000,0.1,122
950000,0.1,142
950000,0.1,141
950000,0.1,137
950000,0.1,131
950000,0.1,126
950000,0.1,134
950000,0.1,127
950000,0.1,144
950000,0.1,141
950000,0.1,137
950000,0.1,140
950000,0.1,126
950000,0.1,127
950000,0.1,133
950000,0.1,140
950000,0.1,122
950000,0.1,152
950000,0.1,156
950000,0.1,152
950000,0.1,141
950000,0.1,135
950000,0.1,119
950000,0.1,161
950000,0.1,122
950000,0.1,129
950000,0.1,144
950000,0.1,144
950000,0.1,131
950000,0.1,122
950000,0.1,131
950000,0.1,124
950000,0.1,138
950000,0.1,131
950000,0.1,145
950000,0.1,140
950000,0.1,129
960000,0.1,148
960000,0.1,132
960000,0.1,133
960000,0.1,161
960000,0.1,145
960000,0.1,123
960000,0.1,140
960000,0.1,169
960000,0.1,133
960000,0.1,135
960000,0.1,141
960000,0.1,144
960000,0.1,138
960000,0.1,139
960000,0.1,134
960000,0.1,131
960000,0.1,143
960000,0.1,116
960000,0.1,148
960000,0.1,132
960000,0.1,151
960000,0.1,146
960000,0.1,140
960000,0.1,133
960000,0.1,119
960000,0.1,125
960000,0.1,141
960000,0.1,165
960000,0.1,141
960000,0.1,134
960000,0.1,148
960000,0.1,137
960000,0.1,131
960000,0.1,125
960000,0.1,134
960000,0.1,143
960000,0.1,141
960000,0.1,155
960000,0.1,126
960000,0.1,137
960000,0.1,129
960000,0.1,143
960000,0.1,127
960000,0.1,132
960000,0.1,125
960000,0.1,148
960000,0.1,126
960000,0.1,139
960000,0.1,152
960000,0.1,146
970000,0.1,164
970000,0.1,152
970000,0.1,122
970000,0.1,130
970000,0.1,118
970000,0.1,127
970000,0.1,126
970000,0.1,123
970000,0.1,135
970000,0.1,130
970000,0.1,129
970000,0.1,125
970000,0.1,155
970000,0.1,149
970000,0.1,129
970000,0.1,127
970000,0.1,145
970000,0.1,124
970000,0.1,130
970000,0.1,144
970000,0.1,133
970000,0.1,146
970000,0.1,155
970000,0.1,136
970000,0.1,122
970000,0.1,122
970000,0.1,126
970000,0.1,132
970000,0.1,131
970000,0.1,135
970000,0.1,126
970000,0.1,126
970000,0.1,132
970000,0.1,134
970000,0.1,133
970000,0.1,127
970000,0.1,114
970000,0.1,137
970000,0.1,138
970000,0.1,146
970000,0.1,148
970000,0.1,152
970000,0.1,132
970000,0.1,132
970000,0.1,141
970000,0.1,128
970000,0.1,134
970000,0.1,128
970000,0.1,151
970000,0.1,127
980000,0.1,138
980000,0.1,124
980000,0.1,143
980000,0.1,118
980000,0.1,145
980000,0.1,124
980000,0.1,135
980000,0.1,127
980000,0.1,137
980000,0.1,137
980000,0.1,143
980000,0.1,112
980000,0.1,133
980000,0.1,128
980000,0.1,132
980000,0.1,139
980000,0.1,134
980000,0.1,144
980000,0.1,150
980000,0.1,141
980000,0.1,143
980000,0.1,127
980000,0.1,132
980000,0.1,141
980000,0.1,136
980000,0.1,160
980000,0.1,131
980000,0.1,122
980000,0.1,135
980000,0.1,130
980000,0.1,124
980000,0.1,138
980000,0.1,139
980000,0.1,136
980000,0.1,135
980000,0.1,167
980000,0.1,138
980000,0.1,138
980000,0.1,146
980000,0.1,121
980000,0.1,145
980000,0.1,127
980000,0.1,142
980000,0.1,122
980000,0.1,140
980000,0.1,137
980000,0.1,142
980000,0.1,119
980000,0.1,137
980000,0.1,137
990000,0.1,135
990000,0.1,161
990000,0.1,148
990000,0.1,135
990000,0.1,145
990000,0.1,128
990000,0.1,144
990000,0.1,151
990000,0.1,140
990000,0.1,133
990000,0.1,144
990000,0.1,134
990000,0.1,129
990000,0.1,132
990000,0.1,159
990000,0.1,128
990000,0.1,133
990000,0.1,125
990000,0.1,137
990000,0.1,135
990000,0.1,179
990000,0.1,142
990000,0.1,133
990000,0.1,133
990000,0.1,130
990000,0.1,137
990000,0.1,132
990000,0.1,131
990000,0.1,133
990000,0.1,151
990000,0.1,120
990000,0.1,129
990000,0.1,140
990000,0.1,123
990000,0.1,139
990000,0.1,145
990000,0.1,140
990000,0.1,147
990000,0.1,136
990000,0.1,140
990000,0.1,176
990000,0.1,135
990000,0.1,126
990000,0.1,155
990000,0.1,137
990000,0.1,159
990000,0.1,148
990000,0.1,159
990000,0.1,137
990000,0.1,132
1000000,0.1,143
1000000,0.1,127
1000000,0.1,132
1000000,0.1,144
1000000,0.1,136
1000000,0.1,150
1000000,0.1,135
1000000,0.1,135
1000000,0.1,122
1000000,0.1,129
1000000,0.1,126
1000000,0.1,127
1000000,0.1,131
1000000,0.1,139
1000000,0.1,143
1000000,0.1,125
1000000,0.1,147
1000000,0.1,138
1000000,0.1,138
1000000,0.1,127
1000000,0.1,141
1000000,0.1,137
1000000,0.1,131
1000000,0.1,129
1000000,0.1,139
1000000,0.1,133
1000000,0.1,137
1000000,0.1,134
1000000,0.1,173
1000000,0.1,133
1000000,0.1,123
1000000,0.1,124
1000000,0.1,133
1000000,0.1,122
1000000,0.1,146
1000000,0.1,146
1000000,0.1,125
1000000,0.1,138
1000000,0.1,137
1000000,0.1,170
1000000,0.1,121
1000000,0.1,126
1000000,0.1,123
1000000,0.1,122
1000000,0.1,128
1000000,0.1,136
1000000,0.1,136
1000000,0.1,135
1000000,0.1,144
1000000,0.1,138
