n,int
50,10.24
50,9.28
50,10.24
50,12.48
50,12.16
50,12.8
50,12.16
50,13.44
50,12.48
50,11.84
50,12.48
50,12.48
50,8.96
50,12.8
50,10.88
50,13.76
50,12.16
50,12.8
50,10.88
50,12.16
50,13.12
50,12.16
50,12.48
50,11.2
50,14.08
50,13.44
50,12.48
50,12.16
50,11.52
50,11.84
50,12.48
50,10.88
50,12.8
50,11.84
50,11.2
50,12.48
50,11.52
50,11.52
50,13.12
50,9.92
50,11.84
50,12.16
50,12.48
50,13.44
50,12.16
50,13.76
50,13.44
50,12.48
50,11.52
50,10.56
100,13.28
100,12.16
100,12.96
100,11.84
100,12.64
100,12.48
100,11.68
100,11.04
100,11.2
100,12.8
100,12.48
100,10.88
100,12.48
100,12.8
100,12.16
100,13.12
100,12.16
100,12
100,11.68
100,12.32
100,12
100,12
100,12.64
100,10.72
100,11.84
100,11.2
100,12
100,11.52
100,11.84
100,11.68
100,12.8
100,12.16
100,10.88
100,12.48
100,12
100,13.12
100,12.8
100,12
100,12.64
100,11.52
100,13.12
100,12.8
100,10.4
100,12.48
100,11.2
100,11.84
100,11.84
100,12.32
100,12.32
100,11.2
150,11.84
150,12.3733
150,12.9067
150,11.9467
150,11.3067
150,12.16
150,11.2
150,12.16
150,12.5867
150,12.2667
150,11.52
150,11.3067
150,12.5867
150,12.48
150,11.0933
150,12.3733
150,11.6267
150,11.3067
150,11.7333
150,13.0133
150,11.84
150,11.9467
150,11.9467
150,11.7333
150,11.52
150,11.4133
150,11.7333
150,12.0533
150,11.52
150,11.9467
150,11.9467
150,12.16
150,12.0533
150,12.16
150,11.52
150,12.2667
150,11.2
150,12.3733
150,12.0533
150,12.0533
150,11.7333
150,11.52
150,12.48
150,11.0933
150,12.8
150,13.2267
150,11.6267
150,12.6933
150,11.4133
150,11.4133
200,10.96
200,12
200,11.6
200,11.84
200,11.36
200,12.08
200,12.96
200,12.32
200,11.92
200,11.76
200,11.52
200,12.4
200,11.6
200,12.4
200,12
200,11.92
200,11.6
200,11.12
200,12.48
200,11.36
200,11.12
200,11.76
200,12.32
200,12.8
200,11.6
200,12.4
200,12.48
200,12.08
200,12.4
200,12.88
200,11.2
200,11.6
200,12.4
200,11.68
200,11.92
200,12.64
200,12.16
200,11.68
200,11.6
200,12.32
200,10.8
200,12
200,12.24
200,11.84
200,12.72
200,12.32
200,11.36
200,11.76
200,11.68
200,11.52
250,11.776
250,11.648
250,11.584
250,12.224
250,11.84
250,13.184
250,12.736
250,12.224
250,12.096
250,12.352
250,12.544
250,11.84
250,11.904
250,11.648
250,11.84
250,11.712
250,11.52
250,11.968
250,11.904
250,11.84
250,11.968
250,12.672
250,12.224
250,12.8
250,12.288
250,12.992
250,12.224
250,11.392
250,11.072
250,13.12
250,11.84
250,12.16
250,12.48
250,11.648
250,12.416
250,11.904
250,12.224
250,12.8
250,11.648
250,11.456
250,12.032
250,11.84
250,12.352
250,10.88
250,11.456
250,12.352
250,11.328
250,11.968
250,12.544
250,11.776
300,12.2667
300,11.2533
300,12.16
300,11.68
300,11.7333
300,11.6267
300,12.48
300,12.1067
300,11.36
300,12.3733
300,12.3733
300,11.7867
300,11.52
300,12.1067
300,11.5733
300,11.5733
300,12.7467
300,11.9467
300,12.6933
300,12.0533
300,12.16
300,12.48
300,11.9467
300,11.7867
300,11.84
300,11.68
300,12.16
300,12.32
300,12.8
300,12.16
300,11.6267
300,12.16
300,11.7867
300,11.52
300,11.5733
300,11.52
300,11.7867
300,11.68
300,11.0933
300,13.0133
300,12.4267
300,12.2667
300,12.1067
300,11.4667
300,12.64
300,12.32
300,12.1067
300,12.1067
300,12.32
300,12.0533
350,12.4343
350,12.2971
350,11.2
350,12.1143
350,11.8857
350,12.3429
350,12.6171
350,11.8857
350,12.0686
350,11.5657
350,11.7029
350,11.84
350,12.16
350,12.2057
350,11.4286
350,12.3886
350,11.5657
350,11.7486
350,11.6114
350,11.9314
350,12.4343
350,11.2
350,12.2057
350,11.8857
350,11.7029
350,11.9314
350,11.9771
350,11.9314
350,12.3886
350,11.2457
350,12.2514
350,12.3886
350,12.16
350,11.9314
350,11.5657
350,12.4343
350,11.3829
350,11.4743
350,12.1143
350,12.4343
350,11.4286
350,11.6571
350,11.4286
350,12.6629
350,11.84
350,12.7543
350,11.6114
350,12.4343
350,11.6114
350,12.0229
400,12.28
400,11.84
400,12.08
400,11.64
400,11.92
400,12.2
400,11.72
400,11.92
400,10.8
400,11.68
400,11.32
400,12.24
400,12.68
400,12.84
400,11.4
400,11.56
400,11.8
400,12.04
400,11.92
400,11.96
400,12
400,12.16
400,11.6
400,11.96
400,12.48
400,12.04
400,12.16
400,12.16
400,11.52
400,11.36
400,12.12
400,12.32
400,12.08
400,12.16
400,11.8
400,12.12
400,12.12
400,12.24
400,11.6
400,12.4
400,12.24
400,12.2
400,11.64
400,11.72
400,12.36
400,12.52
400,11.44
400,12.12
400,12.32
400,12.4
450,11.4489
450,12.4444
450,11.6622
450,12.3378
450,11.7333
450,11.8756
450,11.4844
450,11.4844
450,11.6978
450,11.3422
450,11.7689
450,11.84
450,11.6267
450,11.8044
450,11.9467
450,12.4444
450,11.8044
450,12.2667
450,11.5911
450,11.4844
450,12.5867
450,12.0889
450,12.0178
450,11.9822
450,12.0889
450,12.3022
450,11.9822
450,12.0533
450,11.6267
450,11.5556
450,12.3022
450,11.9822
450,11.6622
450,11.8044
450,12.16
450,12.4089
450,11.9822
450,12.0889
450,12.3378
450,12.2311
450,11.9822
450,11.84
450,12.6578
450,12.1956
450,12.1956
450,11.8756
450,11.52
450,11.9111
450,11.84
450,12.1244
500,12.096
500,12.288
500,12.16
500,12.384
500,12.224
500,11.968
500,12.608
500,12.352
500,11.616
500,12.192
500,11.712
500,12.096
500,12.256
500,12.416
500,11.712
500,12.384
500,12.448
500,11.808
500,12.48
500,12.224
500,12.224
500,12.192
500,12.288
500,11.808
500,11.84
500,12.064
500,12.256
500,12.288
500,12.256
500,12.352
500,11.328
500,11.584
500,11.776
500,12.48
500,12.064
500,11.744
500,12.416
500,12.416
500,11.904
500,11.936
500,12.192
500,12.16
500,12.352
500,11.392
500,11.232
500,11.904
500,11.936
500,12.416
500,11.776
500,12.128
550,12.2473
550,12.3055
550,11.84
550,12.3055
550,12.0727
550,11.8109
550,12.3636
550,12.2473
550,12.1891
550,12.4509
550,11.7527
550,12.3055
550,12.3345
550,11.9855
550,12.5091
550,11.5491
550,11.7818
550,12.16
550,11.1127
550,11.52
550,11.6655
550,11.8982
550,12.4509
550,11.8109
550,12.0145
550,11.4618
550,12.16
550,12.2473
550,12.3636
550,11.9273
550,12.16
550,11.6945
550,11.6945
550,12.0145
550,12.3927
550,12.1309
550,12.4218
550,11.8691
550,11.5491
550,12.16
550,12.4218
550,11.6073
550,12.0436
550,11.6073
550,12.0145
550,12.3345
550,12.3345
550,11.6945
550,12.0436
550,11.6073
600,12.1867
600,11.92
600,12
600,12.3733
600,12.1867
600,12.2133
600,11.5733
600,12.08
600,12.32
600,11.28
600,12.32
600,12.4
600,12.48
600,12.4533
600,12
600,11.76
600,11.7867
600,12.16
600,11.76
600,12
600,12.1867
600,11.4933
600,11.7867
600,11.6533
600,12.0267
600,12.08
600,12.08
600,11.8933
600,11.9467
600,11.6267
600,12.08
600,11.8133
600,12.08
600,12.4267
600,12.32
600,12.1067
600,11.68
600,12.24
600,11.8667
600,11.6
600,12
600,11.44
600,12.1867
600,12.5067
600,12.2133
600,12
600,11.52
600,12.0533
600,11.76
600,11.4667
650,12.0369
650,12.0123
650,11.8892
650,11.8892
650,12.5785
650,12.0615
650,12.1108
650,11.5692
650,11.9385
650,11.4954
650,12.1846
650,11.7908
650,12.16
650,12.2338
650,11.9877
650,12.16
650,12.1354
650,11.6185
650,11.9877
650,12.3323
650,11.8154
650,12.0862
650,11.7908
650,12.2092
650,12.0862
650,12.0123
650,12.2585
650,12.1354
650,12.4062
650,11.8154
650,12.0615
650,11.9138
650,12.2585
650,11.4215
650,11.6185
650,11.9877
650,12.2831
650,11.8154
650,11.9138
650,12.16
650,11.5692
650,12.48
650,11.9138
650,11.7908
650,12.0369
650,12.16
650,12.3815
650,12.2092
650,12.0123
650,12.0862
700,12.1143
700,12.5257
700,12.0229
700,11.9086
700,11.68
700,11.9771
700,12.2514
700,12.0914
700,11.9086
700,11.7486
700,11.8171
700,12.0914
700,11.7714
700,12.0457
700,12.2971
700,12.1143
700,12.2057
700,12.0914
700,12
700,12.0229
700,12.4571
700,11.7714
700,11.5429
700,12.0457
700,12.4114
700,11.7257
700,11.8171
700,12.4571
700,11.9771
700,11.8171
700,11.4743
700,12.16
700,12.2971
700,12.0914
700,11.52
700,11.9314
700,12.2743
700,11.9543
700,12.0686
700,11.52
700,12
700,11.9314
700,11.9771
700,11.9771
700,11.7029
700,12.1143
700,12.0229
700,11.6571
700,12.3657
700,12.2743
750,12.0533
750,11.9253
750,11.5627
750,12.032
750,12.032
750,11.9253
750,11.648
750,11.968
750,12.2453
750,12.224
750,11.8613
750,11.7973
750,11.7547
750,12.16
750,11.8187
750,11.8827
750,12.224
750,12.16
750,11.9467
750,12.0533
750,12.4373
750,12.0107
750,11.9467
750,11.9253
750,11.968
750,12.0107
750,12.2667
750,11.904
750,11.8187
750,11.5413
750,11.9893
750,11.712
750,11.6907
750,11.84
750,12.2027
750,12.2667
750,11.7547
750,11.7547
750,11.7547
750,12.5227
750,12.0107
750,12.16
750,11.968
750,11.7973
750,11.456
750,12.224
750,11.9253
750,11.968
750,11.84
750,12.4373
800,12.02
800,12.02
800,11.92
800,11.92
800,12.38
800,12.04
800,11.86
800,12.3
800,11.94
800,12.18
800,12.54
800,12
800,11.7
800,11.96
800,12.08
800,12.2
800,12.06
800,11.9
800,12.2
800,12.06
800,12
800,11.88
800,11.62
800,11.8
800,11.62
800,12.48
800,11.62
800,12.28
800,11.82
800,12.04
800,12
800,12.06
800,12.08
800,11.98
800,11.94
800,12.38
800,12.16
800,11.86
800,11.94
800,12.1
800,11.98
800,11.94
800,12.24
800,11.62
800,11.84
800,12.02
800,11.86
800,12.06
800,11.78
800,11.92
850,11.6329
850,12.1788
850,12.5176
850,11.6894
850,11.8588
850,12.4047
850,12.2165
850,12.0094
850,11.8024
850,12.0847
850,11.9718
850,11.9906
850,11.5576
850,12.0094
850,12.0659
850,11.7271
850,11.9718
850,12.1035
850,12.0471
850,11.7271
850,12.1035
850,11.7835
850,12.3482
850,11.9153
850,11.9341
850,12.1035
850,11.9529
850,12.1976
850,11.7271
850,11.8212
850,12.1035
850,11.9906
850,11.3318
850,12.2541
850,12.4988
850,11.7459
850,11.9906
850,11.4447
850,12.0282
850,11.5388
850,11.9906
850,12.2165
850,12.4424
850,11.6894
850,11.7835
850,12.2165
850,12.0094
850,12.1224
850,12.6306
850,12.1788
900,11.5911
900,12.1244
900,11.9467
900,12.0178
900,12.0889
900,12.0178
900,12.0889
900,11.9644
900,12.2667
900,11.7333
900,11.9644
900,12.3556
900,11.9289
900,11.9822
900,11.9111
900,12.0889
900,12.1244
900,11.5022
900,11.9822
900,11.7156
900,11.9644
900,12.0533
900,12.1422
900,11.8044
900,11.7689
900,12.1067
900,12.2311
900,11.9289
900,11.6622
900,11.9467
900,11.9289
900,11.9289
900,11.5733
900,12.0356
900,12.4089
900,11.4667
900,11.7689
900,12
900,11.9111
900,12.0178
900,11.6622
900,12.3378
900,11.7689
900,12.48
900,12.3022
900,11.7333
900,12.1067
900,11.7867
900,12.0356
900,12.0533
950,11.9074
950,12.4295
950,12.0926
950,12.1432
950,11.7726
950,11.4021
950,12.0926
950,12.2274
950,11.8737
950,11.8905
950,11.6716
950,11.9242
950,12.2947
950,12.0084
950,11.9242
950,12.0926
950,11.6379
950,12.0253
950,12.0253
950,11.8905
950,12.0253
950,12.0589
950,12.1432
950,12.1432
950,11.9579
950,12.2105
950,12.1768
950,12.2274
950,12.2442
950,11.7726
950,12.1768
950,12.1432
950,12.0421
950,12.2274
950,12.0421
950,11.9916
950,12.16
950,11.9916
950,11.7895
950,11.7558
950,12.2947
950,12.1937
950,12.0253
950,11.8905
950,12.3284
950,12.0589
950,12.2779
950,11.8737
950,12.1263
950,11.7726
1000,12.096
1000,12.256
1000,12.064
1000,11.776
1000,11.952
1000,11.808
1000,12.016
1000,11.824
1000,12.4
1000,12.032
1000,11.776
1000,11.872
1000,11.76
1000,11.92
1000,11.84
1000,11.952
1000,11.696
1000,12
1000,11.888
1000,12.128
1000,12.272
1000,11.904
1000,12.016
1000,12.384
1000,12.08
1000,11.952
1000,11.904
1000,12
1000,12.08
1000,12.464
1000,11.632
1000,11.92
1000,11.936
1000,12.24
1000,12.064
1000,12.256
1000,11.616
1000,11.744
1000,11.952
1000,12.128
1000,12.48
1000,11.952
1000,11.792
1000,11.76
1000,11.68
1000,11.968
1000,12.256
1000,12.256
1000,12.048
1000,12.352
1050,11.9162
1050,12.0381
1050,11.7181
1050,11.9314
1050,12.541
1050,11.9314
1050,12.0686
1050,12.0686
1050,12.221
1050,11.7486
1050,11.901
1050,11.7638
1050,12.1448
1050,12.3429
1050,11.5352
1050,12.0229
1050,11.779
1050,12.3276
1050,12.4343
1050,12.4343
1050,11.8095
1050,12.0381
1050,12.2514
1050,12.2514
1050,12.3429
1050,11.7486
1050,12.2514
1050,12.1905
1050,11.5962
1050,12.2362
1050,11.7943
1050,12.1295
1050,12.4038
1050,12.2057
1050,11.8095
1050,12.1448
1050,11.8552
1050,11.8552
1050,11.7181
1050,12.4038
1050,11.8248
1050,12.4648
1050,11.4438
1050,12.1143
1050,12.0229
1050,12.1295
1050,11.7486
1050,11.779
1050,11.9619
1050,12.0686
1100,12.0291
1100,12.3927
1100,11.84
1100,11.8545
1100,11.6945
1100,12.1745
1100,12
1100,12.0291
1100,11.9127
1100,11.7964
1100,12.2036
1100,12.1018
1100,11.8836
1100,12
1100,12
1100,11.8691
1100,12
1100,12
1100,12.0873
1100,11.8982
1100,11.8545
1100,11.9418
1100,11.9273
1100,12.0727
1100,11.6945
1100,11.9564
1100,12.0145
1100,12.1455
1100,11.8255
1100,11.8109
1100,12.2473
1100,11.7673
1100,11.8255
1100,12.0436
1100,12.1018
1100,12.0727
1100,11.7527
1100,12.3927
1100,12.5964
1100,12.3636
1100,11.9418
1100,11.8691
1100,12.4364
1100,12.1164
1100,12.0873
1100,12.0436
1100,11.8545
1100,11.7673
1100,12.3345
1100,12.0145
1150,11.84
1150,12.007
1150,12.2574
1150,11.7704
1150,12.1322
1150,11.9513
1150,11.9096
1150,12.1739
1150,11.9235
1150,11.9791
1150,11.7983
1150,11.8678
1150,12.2157
1150,11.8957
1150,11.9513
1150,11.8678
1150,11.9652
1150,11.8539
1150,12.0904
1150,12.2852
1150,12.0348
1150,12.1322
1150,11.9791
1150,11.7148
1150,12.1043
1150,11.9513
1150,12.2574
1150,11.9652
1150,11.673
1150,12.2017
1150,12.0626
1150,12.2157
1150,12.1043
1150,12.0348
1150,11.7704
1150,11.673
1150,11.8539
1150,11.7565
1150,12.2435
1150,12.1461
1150,12.1183
1150,12.1461
1150,11.993
1150,11.9096
1150,11.8678
1150,11.8957
1150,11.8957
1150,12.2435
1150,12.1878
1150,11.9374
1200,11.6267
1200,12.0533
1200,12
1200,12.2
1200,12
1200,11.6667
1200,11.92
1200,11.6667
1200,12.0267
1200,11.6667
1200,11.8
1200,12.4133
1200,11.6667
1200,12.2667
1200,12.2533
1200,11.56
1200,12.1333
1200,12.1333
1200,11.8133
1200,12.1333
1200,11.9733
1200,11.96
1200,12
1200,11.7333
1200,12.0533
1200,12.0133
1200,11.52
1200,11.8933
1200,11.8133
1200,11.92
1200,11.6133
1200,12.0933
1200,12.2667
1200,11.68
1200,11.56
1200,11.9467
1200,11.96
1200,12.2267
1200,11.7467
1200,11.9467
1200,11.6667
1200,12.0133
1200,12.12
1200,11.7333
1200,11.84
1200,11.7867
1200,12.04
1200,11.8267
1200,11.88
1200,12
1250,11.776
1250,12.1216
1250,11.6352
1250,11.9808
1250,12.0832
1250,11.968
1250,12.1088
1250,12.16
1250,12.0064
1250,11.7632
1250,11.968
1250,12.16
1250,11.968
1250,12.1216
1250,12.1984
1250,11.8272
1250,11.904
1250,12.1856
1250,11.712
1250,12.0704
1250,12.1856
1250,11.8528
1250,12.0704
1250,11.9424
1250,12.0704
1250,12.0448
1250,11.8528
1250,12.0448
1250,11.8144
1250,11.9168
1250,12.4032
1250,12.2752
1250,12.1088
1250,11.7888
1250,11.776
1250,11.6608
1250,12.1088
1250,12.1216
1250,11.8912
1250,12.1088
1250,12.0704
1250,11.7888
1250,12.4672
1250,11.9808
1250,12.0576
1250,11.8528
1250,12.0064
1250,12.1472
1250,12.1344
1250,12.0192
1300,11.9138
1300,11.9877
1300,11.9877
1300,12.1477
1300,12.0862
1300,12.0738
1300,11.9754
1300,12.2092
1300,12.3938
1300,12
1300,12.3323
1300,11.8892
1300,12.1108
1300,11.8769
1300,11.7538
1300,11.9631
1300,11.7415
1300,12.1108
1300,12.2462
1300,11.8277
1300,12.1108
1300,12.5415
1300,11.9015
1300,11.8277
1300,12.16
1300,12.1231
1300,11.7046
1300,11.5815
1300,11.7292
1300,11.8769
1300,11.7908
1300,11.8892
1300,12.0738
1300,11.68
1300,12.0123
1300,11.8523
1300,11.7785
1300,12.1231
1300,12.0615
1300,11.9015
1300,12.2708
1300,12.0492
1300,12.1231
1300,11.9262
1300,12.1108
1300,11.68
1300,12.1231
1300,12.0369
1300,11.7292
1300,11.6554
1350,11.7926
1350,12.0296
1350,11.8993
1350,12.0296
1350,12.2667
1350,12.1956
1350,12.0415
1350,11.8993
1350,12.1837
1350,12.4207
1350,12.243
1350,11.6859
1350,12.2904
1350,12.1719
1350,11.8281
1350,11.8163
1350,11.9704
1350,12.1837
1350,12.1956
1350,11.9704
1350,12.0652
1350,12.1719
1350,11.8044
1350,12.2785
1350,11.8874
1350,11.4726
1350,11.757
1350,12.1719
1350,11.84
1350,12.16
1350,12.0415
1350,12.2074
1350,11.8756
1350,12.3259
1350,11.9822
1350,12.1481
1350,11.9941
1350,11.9941
1350,12.3496
1350,12.0533
1350,11.6385
1350,12.0178
1350,11.8756
1350,12.2785
1350,12.0533
1350,11.9585
1350,12.0652
1350,11.6504
1350,12.077
1350,11.8756
1400,12.1943
1400,11.8971
1400,12.1943
1400,11.9886
1400,12.2057
1400,11.8971
1400,12.0343
1400,11.9429
1400,11.7486
1400,12.0229
1400,11.84
1400,11.8971
1400,11.9771
1400,12.1486
1400,12.1371
1400,12.1371
1400,11.8971
1400,12.0914
1400,11.9086
1400,11.8743
1400,11.76
1400,11.76
1400,11.76
1400,11.9314
1400,12.0114
1400,11.8743
1400,11.68
1400,12.2514
1400,11.5429
1400,11.7486
1400,11.9886
1400,11.9886
1400,12.1714
1400,11.8743
1400,11.9314
1400,12.0343
1400,11.9771
1400,11.9771
1400,11.8171
1400,11.8514
1400,12.1371
1400,12.2057
1400,11.7029
1400,11.7257
1400,12.2171
1400,12.0114
1400,11.9429
1400,11.8057
1400,12.0457
1400,12.24
1450,11.7517
1450,12.0276
1450,11.9724
1450,12.1269
1450,12.0717
1450,11.9283
1450,11.9724
1450,12.3366
1450,11.6524
1450,12.2041
1450,11.6524
1450,11.8179
1450,12.1269
1450,11.84
1450,11.9945
1450,11.6966
1450,12.2041
1450,11.9283
1450,11.84
1450,11.8731
1450,12.0497
1450,12.2041
1450,11.9503
1450,11.9724
1450,12.171
1450,11.7517
1450,11.8621
1450,11.7517
1450,12.0828
1450,11.84
1450,11.9062
1450,11.8952
1450,11.9062
1450,12.1269
1450,11.8621
1450,11.7959
1450,11.7959
1450,12.0386
1450,12.149
1450,12.0717
1450,11.9393
1450,12.0938
1450,12.0828
1450,11.8952
1450,11.829
1450,11.8841
1450,12.0607
1450,12.0055
1450,12.0386
1450,12.2041
1500,12.3413
1500,12.1067
1500,12.2133
1500,11.936
1500,11.8507
1500,12.32
1500,11.9467
1500,11.9467
1500,12.1067
1500,11.8507
1500,11.8293
1500,12.096
1500,12.064
1500,11.9787
1500,11.904
1500,12.032
1500,12.0107
1500,11.712
1500,12.096
1500,11.968
1500,12.3733
1500,11.6587
1500,11.808
1500,11.7227
1500,12.1067
1500,11.8933
1500,11.808
1500,12.1493
1500,11.9573
1500,12.2987
1500,12.064
1500,12.1813
1500,11.8827
1500,12.0747
1500,12.2667
1500,12.2347
1500,12.0427
1500,12.0747
1500,11.776
1500,12.0107
1500,11.8827
1500,12.3947
1500,11.9893
1500,12.0533
1500,11.904
1500,12.064
1500,11.712
1500,11.904
1500,12.096
1500,12.2773
1550,12.2219
1550,12.2219
1550,11.9742
1550,11.6439
1550,12.0981
1550,11.9123
1550,12.0671
1550,11.6129
1550,12.0568
1550,12.1187
1550,12.0877
1550,12.0568
1550,12.191
1550,11.9329
1550,11.8503
1550,11.9639
1550,12.3148
1550,11.871
1550,12.0671
1550,12.1703
1550,12.0774
1550,11.9845
1550,12.0568
1550,12.0361
1550,11.9535
1550,11.8813
1550,11.9845
1550,11.9639
1550,11.7884
1550,12.16
1550,11.8606
1550,11.9226
1550,12.2116
1550,11.9019
1550,12.2219
1550,12.129
1550,12.1703
1550,11.9948
1550,12.0568
1550,11.7161
1550,11.809
1550,12.1703
1550,11.9019
1550,12.2942
1550,12.0155
1550,12.0981
1550,11.9845
1550,11.9226
1550,12.0361
1550,12.0052
1600,12.02
1600,11.86
1600,11.84
1600,11.86
1600,11.55
1600,12.11
1600,12.1
1600,11.98
1600,11.94
1600,12.19
1600,12.06
1600,12.08
1600,12.2
1600,11.84
1600,11.91
1600,12.24
1600,12.16
1600,11.72
1600,12.16
1600,12.28
1600,11.97
1600,12.13
1600,11.89
1600,12.27
1600,12.12
1600,11.87
1600,12.11
1600,11.94
1600,12.13
1600,12.14
1600,12.01
1600,12.2
1600,12.07
1600,12.29
1600,12.21
1600,12.16
1600,12.22
1600,12.11
1600,12.14
1600,12.14
1600,11.65
1600,12.07
1600,11.81
1600,12.04
1600,12.27
1600,11.69
1600,11.8
1600,12.26
1600,12.27
1600,11.8
1650,11.7818
1650,11.8303
1650,11.6461
1650,11.4036
1650,11.8885
1650,12.0048
1650,11.7721
1650,12.0921
1650,12.2958
1650,12.3733
1650,11.743
1650,11.5394
1650,11.8303
1650,11.6461
1650,12.0533
1650,12.0242
1650,12.1794
1650,11.6558
1650,11.937
1650,12.2861
1650,11.9079
1650,11.8497
1650,11.9564
1650,11.7721
1650,12.1794
1650,11.9564
1650,11.6073
1650,11.9564
1650,11.9855
1650,11.7624
1650,12.0727
1650,12.0048
1650,12.0921
1650,11.7915
1650,12.0533
1650,12.0242
1650,12.0436
1650,12.1503
1650,12.1988
1650,12.0533
1650,12.0533
1650,12.0727
1650,11.8206
1650,11.9661
1650,12.0921
1650,11.4812
1650,12.1212
1650,12.1891
1650,11.8109
1650,11.9467
1700,11.8871
1700,11.9812
1700,12.1694
1700,11.9529
1700,12.3953
1700,11.8118
1700,12.1318
1700,11.8871
1700,11.8682
1700,12.1318
1700,11.9624
1700,12.2447
1700,12
1700,11.8118
1700,12
1700,11.9906
1700,11.8024
1700,12.2541
1700,11.9529
1700,12.0376
1700,12.1318
1700,11.9435
1700,11.8306
1700,12.0282
1700,11.7741
1700,11.6988
1700,11.6518
1700,12.0847
1700,12.0282
1700,11.9059
1700,11.84
1700,12
1700,12.0941
1700,11.9341
1700,12.2824
1700,11.9624
1700,11.9718
1700,12.2071
1700,11.7082
1700,11.9341
1700,12.0565
1700,12.2447
1700,12.0376
1700,12.0753
1700,11.9718
1700,11.9906
1700,11.8588
1700,11.9624
1700,12.0753
1700,12.2071
1750,12.2606
1750,11.9497
1750,11.9314
1750,12.0686
1750,12.2514
1750,12.0869
1750,11.9863
1750,11.84
1750,12.1326
1750,12.352
1750,11.5749
1750,12.0137
1750,12.0046
1750,12.0229
1750,12.0046
1750,12.352
1750,12.096
1750,11.8126
1750,11.8217
1750,12.1051
1750,12.3246
1750,11.7303
1750,11.9131
1750,12.288
1750,12.0229
1750,11.8583
1750,11.8674
1750,12.1783
1750,11.8491
1750,12.16
1750,12.1417
1750,11.6937
1750,12.2331
1750,11.9589
1750,11.9223
1750,12.4526
1750,11.8126
1750,12.0411
1750,12.0777
1750,12.0046
1750,12.2423
1750,12.0229
1750,12.0869
1750,11.8766
1750,11.9406
1750,12.3429
1750,12.0594
1750,12.0411
1750,11.7851
1750,11.7851
1800,11.9733
1800,12.1156
1800,11.9911
1800,11.9556
1800,11.7067
1800,12.4889
1800,11.92
1800,12.0089
1800,12.1244
1800,12.2044
1800,11.9733
1800,11.7867
1800,12.1956
1800,11.8667
1800,11.92
1800,11.8489
1800,12.0889
1800,11.8044
1800,12.24
1800,11.8667
1800,11.9022
1800,12.1956
1800,12.0622
1800,11.8756
1800,12.1067
1800,12.2311
1800,11.9467
1800,11.8222
1800,11.8933
1800,12.0444
1800,11.8756
1800,11.9822
1800,12.0267
1800,12.1156
1800,12.08
1800,11.9378
1800,11.8844
1800,12.1867
1800,11.92
1800,12.0622
1800,11.9644
1800,12.0978
1800,12.1244
1800,12.0711
1800,12.1778
1800,12.1511
1800,11.7956
1800,11.9467
1800,11.8578
1800,12.1867
1850,11.8919
1850,11.8141
1850,11.8486
1850,12.16
1850,12.0476
1850,12.0822
1850,11.8486
1850,11.987
1850,12.0476
1850,12.1427
1850,12.013
1850,12.0562
1850,12.4022
1850,11.9784
1850,11.8486
1850,11.9092
1850,12.2032
1850,11.7535
1850,11.9697
1850,11.8054
1850,12.0043
1850,11.8919
1850,12.0303
1850,11.9265
1850,12.0216
1850,12.1168
1850,12.2638
1850,11.987
1850,12.0476
1850,11.9784
1850,12.2724
1850,12.0822
1850,11.7622
1850,11.9265
1850,11.7622
1850,12.1254
1850,12.1341
1850,12.0043
1850,11.8314
1850,11.7622
1850,12.0303
1850,12.1341
1850,12.3243
1850,12.0562
1850,11.7968
1850,12.013
1850,12.1254
1850,11.9005
1850,12.0908
1850,12.2897
1900,12
1900,12.1347
1900,11.9747
1900,12.0084
1900,12
1900,11.9158
1900,12.0253
1900,12
1900,12.1011
1900,12.1347
1900,12.1263
1900,11.9242
1900,12.2358
1900,12.2358
1900,11.9074
1900,12.1347
1900,11.8232
1900,11.8905
1900,11.7642
1900,11.9579
1900,11.8232
1900,11.9326
1900,11.8821
1900,12.0421
1900,11.9158
1900,11.8989
1900,12.0674
1900,11.9579
1900,12.16
1900,11.9747
1900,12.1937
1900,12.2358
1900,11.9158
1900,11.7895
1900,12.0505
1900,12.1347
1900,11.8232
1900,11.9242
1900,11.8905
1900,11.9579
1900,11.9242
1900,12.1768
1900,12.1095
1900,11.9158
1900,12.0168
1900,12.2358
1900,12.1095
1900,11.9747
1900,11.8484
1900,11.8232
1950,12.2831
1950,11.9467
1950,12.0615
1950,11.9221
1950,12.2831
1950,12.1026
1950,12.0533
1950,11.9877
1950,12.0862
1950,12.0041
1950,11.7662
1950,12.0451
1950,11.881
1950,12.119
1950,12.3159
1950,11.8974
1950,12.0369
1950,12.1272
1950,12.0615
1950,11.6759
1950,11.7908
1950,11.7579
1950,12.0451
1950,11.9795
1950,12.1272
1950,11.7744
1950,12.1272
1950,12.1272
1950,11.8974
1950,12.0944
1950,11.9877
1950,11.9877
1950,12.0779
1950,12.1846
1950,12.0779
1950,12.0862
1950,11.7333
1950,12.0287
1950,11.7087
1950,11.8564
1950,11.7087
1950,11.9877
1950,12.1108
1950,12.3159
1950,12.119
1950,11.9385
1950,12.0862
1950,11.9056
1950,11.8646
1950,11.8974
2000,12.064
2000,11.944
2000,12
2000,11.944
2000,12.2
2000,11.928
2000,11.816
2000,11.88
2000,12.32
2000,12.16
2000,11.904
2000,11.848
2000,12.064
2000,11.968
2000,12.104
2000,12.168
2000,11.912
2000,12.048
2000,11.976
2000,12.128
2000,12.048
2000,12.08
2000,11.696
2000,12.024
2000,11.976
2000,12.032
2000,11.792
2000,11.984
2000,12.016
2000,12.008
2000,12.032
2000,12.2
2000,12.024
2000,11.912
2000,11.712
2000,11.912
2000,12.152
2000,11.928
2000,11.648
2000,11.912
2000,12.016
2000,11.848
2000,11.848
2000,11.976
2000,11.84
2000,11.96
2000,11.888
2000,12.256
2000,12.288
2000,12.136
2050,11.9102
2050,12.2302
2050,12.0663
2050,12.1912
2050,12.238
2050,12.3551
2050,12.0117
2050,11.9493
2050,12.1678
2050,12.2615
2050,12.2771
2050,11.879
2050,11.9024
2050,12.1366
2050,12.16
2050,12.1054
2050,12.0585
2050,12.0898
2050,11.7463
2050,11.9571
2050,12.0273
2050,12.0976
2050,11.9493
2050,12.2068
2050,12.0039
2050,11.9649
2050,12.0273
2050,11.8088
2050,11.8712
2050,11.9024
2050,11.9961
2050,12.0039
2050,11.8868
2050,11.801
2050,12.0195
2050,11.8556
2050,11.8634
2050,12.1522
2050,11.8166
2050,12.0117
2050,12.2146
2050,11.9883
2050,11.9961
2050,12.082
2050,11.8322
2050,11.7151
2050,11.9805
2050,11.7151
2050,12.0195
2050,12.1054
2100,12.0838
2100,11.8019
2100,12.0305
2100,11.7714
2100,12.1371
2100,11.7943
2100,12.0533
2100,12.0838
2100,11.9467
2100,12.0076
2100,11.8629
2100,11.939
2100,11.8933
2100,12.0762
2100,11.9086
2100,12.061
2100,11.8629
2100,12.0305
2100,11.84
2100,12.1676
2100,12.0457
2100,12.2057
2100,12.0457
2100,11.8552
2100,12.0381
2100,12.0076
2100,11.7562
2100,11.9924
2100,12.1219
2100,12.1143
2100,11.8705
2100,12.2362
2100,12.2362
2100,12.1676
2100,11.9467
2100,11.8857
2100,11.9086
2100,12.1524
2100,11.8552
2100,12.1067
2100,12
2100,12.0686
2100,12.0686
2100,12.0686
2100,12.0457
2100,11.8781
2100,11.8019
2100,11.8629
2100,12.0381
2100,12.0305
2150,11.9963
2150,11.9442
2150,12.0633
2150,11.9516
2150,11.8549
2150,11.9219
2150,11.9591
2150,12.2344
2150,11.8772
2150,12.227
2150,11.8772
2150,12.0856
2150,11.8549
2150,12.2047
2150,11.8995
2150,11.974
2150,12.093
2150,11.9591
2150,12.026
2150,12.1898
2150,11.84
2150,12.0781
2150,11.9144
2150,11.9814
2150,11.907
2150,11.9814
2150,11.907
2150,12.0633
2150,12.1898
2150,11.9144
2150,11.8698
2150,12.1079
2150,12.1079
2150,11.773
2150,11.9442
2150,11.9888
2150,11.6688
2150,12.0707
2150,12.1823
2150,12.1302
2150,12.026
2150,12.16
2150,11.9963
2150,12.16
2150,12.0707
2150,11.8326
2150,11.9367
2150,11.8326
2150,11.9144
2150,11.8623
2200,12
2200,11.7673
2200,12.2109
2200,12.2109
2200,11.8909
2200,11.8764
2200,11.9491
2200,12.0436
2200,11.84
2200,11.9782
2200,12.1018
2200,12.0509
2200,12.1455
2200,11.8545
2200,11.8691
2200,12.1818
2200,11.9782
2200,11.7891
2200,11.9055
2200,11.8909
2200,11.9564
2200,11.9127
2200,12.0364
2200,12.1236
2200,12.1164
2200,11.7964
2200,12.0436
2200,11.8255
2200,11.7745
2200,12.0873
2200,11.7745
2200,11.8982
2200,11.8836
2200,11.9636
2200,11.8909
2200,11.9273
2200,11.7673
2200,12.0582
2200,11.8036
2200,11.84
2200,12.1455
2200,11.9636
2200,12.1018
2200,12.1527
2200,11.8255
2200,11.7527
2200,11.6727
2200,12.2255
2200,12.0073
2200,12.0509
2250,11.9609
2250,12.0107
2250,12.0178
2250,12.1742
2250,12.0604
2250,11.8827
2250,11.9111
2250,11.8898
2250,12.0178
2250,12.1884
2250,12.1458
2250,12.3591
2250,11.968
2250,11.8684
2250,11.904
2250,11.968
2250,12.2098
2250,12.0107
2250,11.8898
2250,11.9253
2250,12.0676
2250,11.968
2250,11.8898
2250,11.8684
2250,12.1671
2250,12.1742
2250,11.968
2250,11.8116
2250,11.8969
2250,12.0107
2250,11.9822
2250,11.9964
2250,11.8329
2250,12.1884
2250,12.1316
2250,11.9324
2250,12.0249
2250,12.0889
2250,11.7902
2250,11.9324
2250,11.84
2250,12.1316
2250,12.3093
2250,12.352
2250,12.1813
2250,11.9253
2250,12.224
2250,11.9822
2250,11.8898
2250,11.9111
2300,11.9583
2300,11.8261
2300,12.1809
2300,11.6591
2300,12.2365
2300,12.167
2300,12.0139
2300,11.8609
2300,12.2504
2300,12.16
2300,12.0557
2300,11.833
2300,11.847
2300,12.1878
2300,12.1113
2300,11.8122
2300,12.1878
2300,11.8817
2300,11.7913
2300,11.8817
2300,11.8817
2300,12.0557
2300,11.9791
2300,11.847
2300,11.9513
2300,12.0626
2300,11.7843
2300,11.8609
2300,12.0348
2300,12.0835
2300,12.1252
2300,11.9026
2300,11.9026
2300,12.0139
2300,11.9096
2300,12.0417
2300,12.0139
2300,12.0348
2300,12.0557
2300,11.9235
2300,11.7843
2300,11.9652
2300,12.3548
2300,11.9652
2300,11.8887
2300,11.9235
2300,12.0209
2300,12.1739
2300,12.3409
2300,12.0209
2350,12.0238
2350,11.806
2350,11.9353
2350,11.84
2350,11.7923
2350,12.0715
2350,12.0102
2350,11.983
2350,12.2009
2350,12.1736
2350,11.8468
2350,11.8264
2350,12.1328
2350,11.9762
2350,12.126
2350,11.9353
2350,11.8196
2350,12.1804
2350,11.9898
2350,11.9557
2350,11.9557
2350,11.9557
2350,12.0238
2350,12.1736
2350,12.1123
2350,11.8264
2350,11.8809
2350,11.8672
2350,11.9421
2350,11.983
2350,11.9013
2350,11.9966
2350,12.017
2350,11.7038
2350,11.9626
2350,11.9421
2350,12.2009
2350,11.8536
2350,11.9694
2350,12.1396
2350,11.9353
2350,11.9626
2350,11.9285
2350,11.84
2350,12.0238
2350,11.8809
2350,12.017
2350,12.0511
2350,11.983
2350,12.1191
2400,12.08
2400,11.8333
2400,12.0933
2400,12.14
2400,12.0067
2400,11.88
2400,11.8667
2400,12
2400,11.7133
2400,11.7867
2400,11.88
2400,11.98
2400,11.9533
2400,11.78
2400,12.1133
2400,11.84
2400,11.7733
2400,12.02
2400,12.2467
2400,12.0933
2400,12.0933
2400,12.12
2400,11.94
2400,12.1067
2400,11.82
2400,11.9667
2400,11.84
2400,12.0467
2400,11.9133
2400,12.14
2400,11.9667
2400,11.8067
2400,11.9133
2400,12.0267
2400,12.0067
2400,12.02
2400,11.8533
2400,12.0333
2400,11.96
2400,12.0933
2400,12.0333
2400,12.1267
2400,12.38
2400,11.9333
2400,12.0667
2400,12.0533
2400,11.8867
2400,12.1467
2400,11.94
2400,11.9867
2450,11.8139
2450,12.0294
2450,11.7878
2450,12.1535
2450,11.9967
2450,12.1339
2450,11.9837
2450,11.6898
2450,12.1273
2450,11.951
2450,11.9053
2450,11.8531
2450,11.8596
2450,12.0947
2450,12.1143
2450,12.0686
2450,12.0947
2450,11.9576
2450,12.1012
2450,12.3624
2450,12.0882
2450,11.5984
2450,11.7878
2450,11.9445
2450,11.8073
2450,11.9314
2450,11.8792
2450,11.9576
2450,12.3037
2450,11.8922
2450,12.0229
2450,11.9576
2450,11.9837
2450,11.8531
2450,11.9184
2450,12.3298
2450,11.8922
2450,12.2057
2450,12.1731
2450,11.631
2450,12.0555
2450,12.049
2450,12.062
2450,12.1339
2450,12.0229
2450,11.9053
2450,12.1861
2450,11.8792
2450,12.049
2450,12.16
2500,11.9232
2500,11.9232
2500,11.9104
2500,11.872
2500,11.936
2500,11.8464
2500,12.096
2500,12.2432
2500,11.9552
2500,12.0128
2500,11.9808
2500,12.2112
2500,12.0128
2500,11.9872
2500,12.128
2500,12.1536
2500,11.9424
2500,11.8208
2500,12.0128
2500,11.872
2500,11.84
2500,11.7952
2500,12.0512
2500,11.9808
2500,11.9296
2500,11.9936
2500,11.968
2500,12.1792
2500,11.5904
2500,11.84
2500,12.0448
2500,12.1344
2500,11.808
2500,12.0064
2500,12.128
2500,11.8464
2500,11.9744
2500,12.0896
2500,12.0512
2500,11.8336
2500,12.2304
2500,12.3072
2500,12.0512
2500,12.1088
2500,11.9552
2500,12.2432
2500,12.1216
2500,11.8528
2500,12.1472
2500,12.2368
2550,12.1663
2550,12.0345
2550,11.909
2550,11.9027
2550,11.7647
2550,11.8024
2550,11.9467
2550,12.1286
2550,11.8086
2550,12.1286
2550,12.0031
2550,12.0157
2550,11.9529
2550,11.909
2550,11.9843
2550,11.9718
2550,12.2416
2550,12.2353
2550,11.9655
2550,11.7333
2550,11.8902
2550,12.1349
2550,11.8651
2550,12.16
2550,12.0471
2550,11.9216
2550,12.0784
2550,11.9655
2550,11.978
2550,11.9655
2550,12.2667
2550,12.1286
2550,12.0031
2550,11.7584
2550,11.9906
2550,12.0094
2550,12.1537
2550,12.0659
2550,11.9027
2550,12.0031
2550,12.0722
2550,11.9153
2550,12.0784
2550,11.8714
2550,11.909
2550,11.9718
2550,12.091
2550,11.9718
2550,12.1286
2550,12.0973
2600,12.0554
2600,12.1046
2600,11.9077
2600,11.9508
2600,11.7354
2600,11.8585
2600,12.1415
2600,12.0062
2600,11.8092
2600,12.1108
2600,11.9015
2600,12.0308
2600,12.0185
2600,11.9323
2600,12.0923
2600,12.0369
2600,11.8646
2600,11.9692
2600,12.0369
2600,11.9692
2600,12.2954
2600,11.6369
2600,11.8154
2600,11.8646
2600,12.0738
2600,11.8708
2600,11.8585
2600,12.2031
2600,12.2338
2600,12.2462
2600,12.0123
2600,11.9754
2600,12.1785
2600,11.9877
2600,12.0615
2600,12
2600,12.1785
2600,11.9077
2600,12.3015
2600,11.8954
2600,11.84
2600,12.0554
2600,12.0185
2600,12.16
2600,12.0246
2600,12
2600,12.0492
2600,12.0369
2600,12.0062
2600,12.0369
2650,12.0815
2650,12.154
2650,12.0392
2650,12.3351
2650,11.9487
2650,11.8158
2650,11.997
2650,12.0634
2650,11.8702
2650,11.8642
2650,11.9185
2650,11.846
2650,12.1358
2650,12.3955
2650,11.8581
2650,11.9728
2650,11.9608
2650,12.323
2650,12.0875
2650,11.7796
2650,11.9668
2650,11.997
2650,11.7675
2650,12.16
2650,12.2083
2650,12.1117
2650,11.9728
2650,11.834
2650,12.1419
2650,11.7736
2650,12.0513
2650,11.8279
2650,12.0996
2650,12.0694
2650,12.0272
2650,11.7374
2650,11.9366
2650,11.9668
2650,11.9668
2650,12.2989
2650,12.1177
2650,12.0936
2650,11.7434
2650,11.84
2650,12.0574
2650,11.9547
2650,11.9125
2650,11.8702
2650,12.0755
2650,11.9004
2700,12.0652
2700,12.0474
2700,11.9704
2700,11.8519
2700,11.9289
2700,11.9881
2700,12.2193
2700,11.7985
2700,12.0119
2700,12.0296
2700,11.8163
2700,12.0474
2700,12.1956
2700,12.0948
2700,11.8696
2700,12.1185
2700,11.917
2700,11.917
2700,12.3556
2700,12.0237
2700,12.0237
2700,12.2726
2700,11.9526
2700,11.9526
2700,12.0415
2700,12.16
2700,12.1185
2700,11.9644
2700,12.1659
2700,11.7926
2700,11.9348
2700,12.1067
2700,12.0119
2700,11.9526
2700,12.1659
2700,12.2074
2700,12.48
2700,12.0889
2700,12.0711
2700,11.9881
2700,12.0237
2700,12.077
2700,12.0711
2700,11.9763
2700,12.0178
2700,12.2193
2700,11.9585
2700,12.2489
2700,12.1244
2700,11.9822
2750,12.0727
2750,11.9971
2750,12.288
2750,12.0436
2750,11.8807
2750,12.096
2750,12.0553
2750,12.0145
2750,11.8807
2750,12.096
2750,11.968
2750,12.1367
2750,11.9913
2750,11.7353
2750,11.9098
2750,11.9273
2750,11.6829
2750,11.904
2750,12.1076
2750,11.8284
2750,12.2705
2750,11.8982
2750,12.0087
2750,12.1716
2750,12.1193
2750,12.0029
2750,12.032
2750,12.2764
2750,11.8458
2750,12.0262
2750,11.968
2750,11.8749
2750,12.0611
2750,12.0902
2750,12.0669
2750,11.9971
2750,12.1833
2750,11.8749
2750,11.9505
2750,11.9796
2750,11.9331
2750,11.7876
2750,12.0553
2750,11.9505
2750,12.3927
2750,11.84
2750,12.1309
2750,12.1833
2750,12.1018
2750,11.8342
2800,12.1143
2800,11.9657
2800,11.8343
2800,12.0914
2800,12.0514
2800,12.1314
2800,12.0286
2800,11.7943
2800,12.1143
2800,12.0171
2800,11.7886
2800,12.0457
2800,11.9257
2800,12
2800,11.9657
2800,12.0171
2800,11.8114
2800,12.1943
2800,11.9829
2800,11.8743
2800,11.8971
2800,12.0857
2800,11.92
2800,11.8457
2800,12.1086
2800,12.1714
2800,12.0971
2800,11.9943
2800,11.8343
2800,12.04
2800,11.9714
2800,12.0743
2800,11.8571
2800,12.2
2800,12.16
2800,12.1314
2800,11.9086
2800,11.8686
2800,12.0057
2800,12.2629
2800,12.1829
2800,11.9543
2800,12.0686
2800,12.08
2800,12.1429
2800,12.1429
2800,12.0629
2800,12.1086
2800,12.2057
2800,12.0457
2850,11.986
2850,12.0196
2850,12.0365
2850,12.0196
2850,11.7614
2850,11.7053
2850,11.8961
2850,11.9018
2850,11.8849
2850,12.0309
2850,12.0702
2850,12.0365
2850,11.9186
2850,12.1095
2850,12.1712
2850,11.9635
2850,12.0309
2850,12.3284
2850,11.986
2850,12.1151
2850,12.2049
2850,11.9691
2850,11.9523
2850,11.7502
2850,12.0365
2850,11.9916
2850,11.9467
2850,11.7277
2850,11.986
2850,11.8512
2850,11.9804
2850,11.8512
2850,11.9635
2850,12.0196
2850,12.0814
2850,12.0533
2850,12.087
2850,12.0253
2850,12.1095
2850,12.1039
2850,11.9298
2850,11.8625
2850,12.0533
2850,12.0028
2850,11.767
2850,12.1656
2850,11.8456
2850,12.0028
2850,12.1263
2850,11.8961
2900,12.011
2900,12.0221
2900,12.1766
2900,11.6579
2900,12.1766
2900,11.9945
2900,12.1214
2900,12.0717
2900,12.1545
2900,12.1545
2900,11.8566
2900,12.0938
2900,12.0441
2900,12.0276
2900,11.8952
2900,11.9007
2900,12.0662
2900,12.0221
2900,12.2041
2900,11.9117
2900,12.16
2900,11.9503
2900,12.1269
2900,11.9448
2900,11.9393
2900,12.0166
2900,11.7572
2900,12.1214
2900,12.0552
2900,12.2593
2900,11.84
2900,12.0166
2900,11.8841
2900,12.1766
2900,11.7241
2900,11.9007
2900,12.1324
2900,12.0497
2900,11.9062
2900,12.0993
2900,11.8455
2900,11.9503
2900,11.9117
2900,11.9448
2900,12.0552
2900,11.8455
2900,11.9062
2900,12.0607
2900,12.0772
2900,11.7352
2950,11.8617
2950,11.7153
2950,12.0515
2950,12.0624
2950,12.0081
2950,12.2034
2950,12.1329
2950,11.8942
2950,12.2468
2950,12.1112
2950,11.981
2950,12.0786
2950,11.6881
2950,12.2956
2950,11.9593
2950,12.1546
2950,12.1003
2950,12.0244
2950,11.7858
2950,12.0515
2950,11.9485
2950,12.1166
2950,12.1275
2950,11.9647
2950,12.0081
2950,12.122
2950,11.9268
2950,12.0949
2950,12.1817
2950,11.9322
2950,12.1383
2950,11.7586
2950,12.0298
2950,11.8454
2950,12.0949
2950,11.9159
2950,12.0515
2950,12.0136
2950,12.1058
2950,11.9864
2950,12.0678
2950,12.0136
2950,12.1058
2950,11.8563
2950,12.0515
2950,11.8834
2950,12.1817
2950,12.1275
2950,12.0027
2950,11.7315
3000,11.9253
3000,12.08
3000,11.8773
3000,11.728
3000,12.0747
3000,12.0427
3000,11.9787
3000,12.096
3000,12.0587
3000,11.9787
3000,11.824
3000,12.016
3000,11.9787
3000,11.952
3000,11.792
3000,12.1707
3000,11.9413
3000,12.2773
3000,12.112
3000,12.0053
3000,12.1547
3000,12.1547
3000,11.9627
3000,12.0107
3000,11.776
3000,12.0533
3000,12.0533
3000,12.0107
3000,11.8987
3000,12.0533
3000,11.9573
3000,11.9947
3000,12.144
3000,11.792
3000,12.0213
3000,12
3000,11.984
3000,12.0267
3000,11.936
3000,12.08
3000,11.9253
3000,11.92
3000,12.0533
3000,12.0107
3000,12.0373
3000,11.9627
3000,11.9093
3000,11.9893
3000,12.048
3000,11.968
3050,12.16
3050,11.8715
3050,12.0813
3050,12.1128
3050,11.9764
3050,12.1128
3050,11.9554
3050,11.9816
3050,11.8662
3050,11.9502
3050,12.0026
3050,12.0866
3050,11.9764
3050,11.9554
3050,12.0866
3050,12.0079
3050,12.0603
3050,12.0446
3050,11.882
3050,12.0708
3050,12.0236
3050,12.0656
3050,11.9974
3050,11.9659
3050,12.1338
3050,11.8033
3050,11.8033
3050,11.9974
3050,12.1075
3050,11.9554
3050,11.9082
3050,12.0184
3050,12.0918
3050,12.0708
3050,12.1495
3050,11.9764
3050,12.0446
3050,11.9974
3050,11.9921
3050,12.3803
3050,12.0498
3050,11.861
3050,12.0918
3050,11.9292
3050,11.903
3050,12.1967
3050,12.0079
3050,11.9292
3050,11.84
3050,11.9239
3100,12
3100,12.0361
3100,11.9587
3100,11.9535
3100,11.9329
3100,12.031
3100,11.969
3100,11.9897
3100,12.0206
3100,12.0774
3100,11.9484
3100,12.0361
3100,12.1135
3100,11.969
3100,11.8452
3100,11.9587
3100,11.9897
3100,12.2168
3100,12.2942
3100,12.031
3100,11.6129
3100,12
3100,12.0206
3100,11.9742
3100,12.0723
3100,12.129
3100,11.9329
3100,12.031
3100,11.9948
3100,11.7935
3100,12.1961
3100,12.129
3100,12.2168
3100,11.8142
3100,11.8916
3100,12.1032
3100,12.0258
3100,11.9277
3100,12.1445
3100,12.1445
3100,12.1548
3100,12.0568
3100,12.0103
3100,12.0774
3100,12.0516
3100,12.1755
3100,12.1497
3100,12
3100,11.969
3100,11.9794
3150,12.094
3150,11.901
3150,11.9162
3150,11.8552
3150,12.2413
3150,11.7689
3150,11.967
3150,12.2311
3150,11.8248
3150,11.9213
3150,12.0076
3150,12.0381
3150,12.16
3150,11.8044
3150,12.1092
3150,12.1346
3150,12.0787
3150,12.0533
3150,11.9975
3150,12.0178
3150,12.0686
3150,11.8349
3150,12.2057
3150,12.0076
3150,11.901
3150,11.967
3150,12.0635
3150,12.1498
3150,11.8248
3150,11.9924
3150,11.7943
3150,11.8298
3150,12.3022
3150,11.8806
3150,12.0432
3150,12.0635
3150,12.0076
3150,11.9517
3150,12.1244
3150,11.8502
3150,12.1549
3150,12.1752
3150,11.9771
3150,11.8603
3150,12.0889
3150,11.8654
3150,12.0584
3150,12.1092
3150,11.8908
3150,11.7943
3200,11.835
3200,11.86
3200,11.835
3200,12.205
3200,12.13
3200,11.975
3200,11.915
3200,12
3200,11.995
3200,11.905
3200,12.105
3200,11.89
3200,12.28
3200,12.01
3200,12.075
3200,12.045
3200,11.73
3200,11.88
3200,12.155
3200,12.135
3200,11.895
3200,11.76
3200,11.68
3200,11.835
3200,12.12
3200,12.2
3200,11.75
3200,12.045
3200,11.985
3200,12.215
3200,12.075
3200,11.925
3200,12.05
3200,12.02
3200,12.17
3200,11.995
3200,12.06
3200,11.89
3200,12.02
3200,12.045
3200,11.955
3200,11.96
3200,11.875
3200,12.11
3200,12.12
3200,11.79
3200,11.995
3200,11.955
3200,12.11
3200,12.195
3250,12.1206
3250,12.0517
3250,12.0074
3250,12.1255
3250,12.0615
3250,11.9434
3250,12.1157
3250,12.0418
3250,11.7218
3250,12.096
3250,11.9483
3250,11.9434
3250,12.1748
3250,11.9138
3250,11.9778
3250,11.8892
3250,12.0763
3250,12.0862
3250,12.2142
3250,12.0763
3250,11.8351
3250,11.9926
3250,11.9926
3250,11.9631
3250,11.776
3250,11.9582
3250,12.0615
3250,11.8548
3250,12.0025
3250,12.0763
3250,12.0615
3250,12.0369
3250,12.1452
3250,12.0665
3250,11.9778
3250,12.16
3250,11.9237
3250,11.7711
3250,11.9582
3250,12.2338
3250,12.0025
3250,11.8548
3250,11.9483
3250,11.9188
3250,11.9286
3250,12.0418
3250,12.1846
3250,11.9582
3250,11.8302
3250,12.0763
3300,11.7964
3300,11.8158
3300,11.8836
3300,11.8933
3300,11.9273
3300,11.9758
3300,11.9418
3300,11.8206
3300,12.0194
3300,12.097
3300,11.8885
3300,12.0242
3300,12.1939
3300,11.9467
3300,11.9661
3300,11.9661
3300,11.8933
3300,11.9612
3300,11.903
3300,11.9176
3300,11.9855
3300,12.3006
3300,12.0048
3300,11.7333
3300,12.0436
3300,12.0048
3300,12.0727
3300,12.1067
3300,11.8255
3300,11.8497
3300,11.9079
3300,12.1745
3300,11.8885
3300,12.0436
3300,12.0242
3300,11.8642
3300,11.8739
3300,11.8788
3300,11.9515
3300,12.1358
3300,12.2279
3300,12
3300,11.7867
3300,12.0436
3300,12.1309
3300,12.063
3300,12.063
3300,11.9418
3300,12
3300,12.1018
3350,12.0119
3350,11.9976
3350,11.9307
3350,11.969
3350,12.1361
3350,11.9212
3350,11.8066
3350,11.8973
3350,12.0788
3350,12.1122
3350,12.0549
3350,11.9642
3350,11.9116
3350,11.9355
3350,11.9212
3350,12.0167
3350,12.0788
3350,11.6872
3350,11.8687
3350,12.0788
3350,12.0215
3350,11.84
3350,11.9116
3350,11.9355
3350,11.9212
3350,12.0597
3350,12.0358
3350,12.0454
3350,12.0979
3350,12.0501
3350,12.0454
3350,11.9785
3350,12.1791
3350,11.9116
3350,11.9069
3350,11.9307
3350,11.9451
3350,11.9069
3350,12.1075
3350,12.0693
3350,12.0406
3350,12.1457
3350,11.8687
3350,11.8591
3350,12.0119
3350,12.1122
3350,11.9021
3350,11.9499
3350,12.117
3350,12.0072
3400,11.9153
3400,12.1271
3400,12.1129
3400,12.0376
3400,12.0282
3400,12.0518
3400,12.0847
3400,12.0847
3400,12.0518
3400,12.0282
3400,12.0565
3400,11.9671
3400,11.9435
3400,12.0565
3400,11.9435
3400,11.7506
3400,11.8541
3400,11.8588
3400,11.8353
3400,12.0753
3400,12.1224
3400,11.9059
3400,11.9953
3400,12.0329
3400,11.9671
3400,11.9671
3400,12.1082
3400,12.0424
3400,12.1082
3400,11.8635
3400,11.92
3400,11.8918
3400,12.2541
3400,12.0329
3400,12.0329
3400,11.9059
3400,11.9294
3400,11.9529
3400,12
3400,11.8871
3400,11.8824
3400,12.0847
3400,11.9576
3400,11.8965
3400,12.1882
3400,12.0329
3400,11.9388
3400,11.9294
3400,11.6847
3400,12.0471
3450,11.8539
3450,12.0951
3450,11.7472
3450,12.2296
3450,11.9142
3450,11.9791
3450,11.8632
3450,12.0162
3450,12.0812
3450,11.9003
3450,12.1275
3450,12.0441
3450,11.9188
3450,11.9606
3450,11.8168
3450,12.0951
3450,11.9281
3450,12.007
3450,12.0116
3450,12.0441
3450,12.0626
3450,11.7519
3450,11.9281
3450,11.9188
3450,11.7704
3450,12.1136
3450,11.7936
3450,12.0672
3450,12.0116
3450,11.9513
3450,12.007
3450,11.942
3450,12.0997
3450,11.942
3450,11.9652
3450,11.9003
3450,12.0765
3450,12.0533
3450,11.8539
3450,12.0209
3450,12.058
3450,12.1136
3450,11.891
3450,12.0672
3450,11.9096
3450,12.2991
3450,11.7751
3450,11.8354
3450,11.891
3450,12.109
3500,11.9086
3500,12.192
3500,12.0046
3500,12.1143
3500,11.9909
3500,11.9863
3500,11.936
3500,12.0686
3500,12.0411
3500,11.8674
3500,12.0274
3500,12.1006
3500,12.0183
3500,12.0366
3500,11.9863
3500,12.1143
3500,12.1874
3500,11.8811
3500,11.9589
3500,11.8171
3500,12.0686
3500,11.8629
3500,11.9314
3500,11.9314
3500,12.0183
3500,12.0869
3500,12.0457
3500,11.84
3500,12.0869
3500,11.8949
3500,11.8629
3500,11.7486
3500,12.0914
3500,11.8857
3500,11.9543
3500,12.0091
3500,12.0411
3500,11.9314
3500,12.064
3500,12
3500,12.2149
3500,11.9954
3500,11.9269
3500,12.032
3500,11.9954
3500,12.0686
3500,11.8171
3500,12.096
3500,12.2377
3500,11.8994
3550,11.8265
3550,11.9617
3550,12.0383
3550,12.0293
3550,11.9346
3550,11.9842
3550,11.9932
3550,12.0563
3550,11.867
3550,12.0654
3550,11.8761
3550,11.9662
3550,12.1104
3550,12.0518
3550,11.9752
3550,12.0969
3550,11.7273
3550,12.1149
3550,11.9617
3550,11.8986
3550,12.0248
3550,12.0248
3550,11.9166
3550,11.9797
3550,11.9392
3550,11.7949
3550,11.9482
3550,11.9301
3550,11.8715
3550,11.9031
3550,11.9482
3550,11.9392
3550,11.8445
3550,11.9527
3550,12.0924
3550,12.0338
3550,11.8941
3550,11.9662
3550,12.0068
3550,11.8941
3550,11.849
3550,11.822
3550,11.9842
3550,11.9977
3550,12.0924
3550,12.0834
3550,12.0473
3550,11.6687
3550,12.0428
3550,11.8715
3600,11.8222
3600,12.0889
3600,12.0044
3600,11.9156
3600,11.8267
3600,12.3111
3600,12.0178
3600,12.0756
3600,12.0622
3600,12.0444
3600,11.96
3600,12.0533
3600,12.0133
3600,11.8667
3600,11.9156
3600,11.9822
3600,11.9733
3600,11.8978
3600,12.2222
3600,12.0489
3600,12.0756
3600,11.9511
3600,11.9911
3600,11.9689
3600,12.04
3600,12.0044
3600,12.0222
3600,12.0889
3600,12.0622
3600,12.0222
3600,12.1067
3600,12.1244
3600,11.9333
3600,12.1644
3600,12.1289
3600,11.9111
3600,11.9422
3600,11.9911
3600,11.9822
3600,12.1333
3600,12.0356
3600,11.8933
3600,11.9733
3600,12.0311
3600,11.9422
3600,12.0667
3600,12.1956
3600,12.0844
3600,12.0133
3600,12.12
3650,12.1118
3650,12.1074
3650,12.0066
3650,11.9496
3650,12.0767
3650,11.8575
3650,11.8838
3650,11.9452
3650,12.0416
3650,11.954
3650,11.7523
3650,12.1688
3650,12.0679
3650,12.0592
3650,11.9014
3650,11.8444
3650,11.9759
3650,11.9978
3650,12.046
3650,11.9978
3650,11.9803
3650,12.1688
3650,12.0986
3650,12.2784
3650,11.9321
3650,11.7611
3650,11.897
3650,12.1074
3650,11.8049
3650,12.1118
3650,12.1205
3650,12.1688
3650,11.9058
3650,11.9277
3650,11.9584
3650,12.0899
3650,12.1293
3650,12.046
3650,11.84
3650,11.9233
3650,12.0504
3650,12.0153
3650,12.011
3650,12.0679
3650,12.2871
3650,11.989
3650,12.1205
3650,12.0636
3650,12.0592
3650,12.0066
3700,12.0476
3700,11.9049
3700,12.1124
3700,11.7665
3700,11.8789
3700,11.9914
3700,11.9135
3700,11.9481
3700,12.1514
3700,11.7881
3700,11.9741
3700,11.9005
3700,12.0735
3700,12.0043
3700,11.8227
3700,11.9178
3700,12.0519
3700,11.9741
3700,12.1168
3700,11.9568
3700,11.827
3700,12.0692
3700,12.0432
3700,12.0432
3700,12.1514
3700,12.0216
3700,12.0173
3700,12.0951
3700,12.0173
3700,11.8789
3700,11.8659
3700,11.9222
3700,11.8486
3700,11.9222
3700,11.84
3700,12.0476
3700,12.1168
3700,12.0086
3700,12.1859
3700,11.9697
3700,11.853
3700,11.8919
3700,12.0605
3700,12.0173
3700,12.0865
3700,11.8227
3700,11.9827
3700,12.1081
3700,11.9827
3700,12.1081
3750,12.1515
3750,12.1301
3750,11.9765
3750,12.0789
3750,11.9765
3750,12.0405
3750,11.8827
3750,11.8187
3750,12.096
3750,12.0277
3750,11.9893
3750,11.9936
3750,11.968
3750,11.9765
3750,11.9125
3750,11.84
3750,11.9253
3750,11.7675
3750,11.8955
3750,11.9936
3750,11.7248
3750,11.9723
3750,12.0789
3750,12.0747
3750,12.0533
3750,11.9509
3750,11.7504
3750,12.0149
3750,11.8997
3750,12.0661
3750,11.9083
3750,11.7504
3750,12.1771
3750,12.1643
3750,11.8869
3750,12.0747
3750,12.0747
3750,11.8443
3750,12.0619
3750,11.9765
3750,11.9936
3750,11.8528
3750,11.9595
3750,12.1984
3750,11.9808
3750,12.1771
3750,12.0491
3750,12.0277
3750,11.9893
3750,11.7845
3800,12.08
3800,11.9453
3800,11.8611
3800,12.0379
3800,12.0379
3800,11.9032
3800,12.1221
3800,12.1053
3800,11.9284
3800,12.0253
3800,12.1726
3800,12.1768
3800,12.0421
3800,11.9916
3800,11.84
3800,12.0926
3800,11.9326
3800,11.7768
3800,12.0758
3800,12.0758
3800,12.1811
3800,12.1263
3800,12.1179
3800,11.84
3800,11.9916
3800,12.1221
3800,12
3800,11.8947
3800,12.0211
3800,11.8274
3800,11.9411
3800,12.1263
3800,12.0758
3800,11.8611
3800,11.8484
3800,11.9242
3800,11.9074
3800,12.08
3800,12.0716
3800,11.9284
3800,12.0632
3800,12.1768
3800,12.1979
3800,12.0042
3800,11.9832
3800,11.9074
3800,11.92
3800,12
3800,11.9242
3800,12.0084
3850,11.8566
3850,11.8649
3850,12.0686
3850,11.9605
3850,11.9273
3850,12.0644
3850,12.0436
3850,11.9564
3850,12.1392
3850,11.7652
3850,12.081
3850,12.1351
3850,12.1226
3850,11.8899
3850,12.0686
3850,12.0187
3850,11.8608
3850,11.8899
3850,12.0561
3850,11.9938
3850,12.1766
3850,11.9065
3850,11.8649
3850,12.0229
3850,12.1101
3850,11.8732
3850,12.0395
3850,12.0312
3850,11.9106
3850,12.0769
3850,12.027
3850,11.8275
3850,12.0062
3850,12.2265
3850,11.7984
3850,11.9979
3850,11.9647
3850,11.9397
3850,11.9938
3850,12.0395
3850,12.027
3850,11.8649
3850,12.0644
3850,12.027
3850,11.9771
3850,11.9938
3850,12.0436
3850,12.0312
3850,12.0852
3850,11.919
3900,12.0246
3900,12.0451
3900,11.9754
3900,12.1149
3900,12.2051
3900,12.0492
3900,11.9097
3900,11.6472
3900,12.1354
3900,12.0205
3900,11.8728
3900,12.0903
3900,12.0246
3900,12.0862
3900,12.2667
3900,11.8687
3900,11.8154
3900,11.9959
3900,11.9426
3900,11.9426
3900,12.0862
3900,12.0574
3900,12.0082
3900,12.1846
3900,12.2051
3900,12.1108
3900,12.1477
3900,12.1887
3900,12.1723
3900,12.1354
3900,12.1067
3900,12.1477
3900,12.1231
3900,12.041
3900,12.0985
3900,11.9795
3900,11.9549
3900,12.1067
3900,11.9262
3900,11.9549
3900,12.1559
3900,12.1559
3900,11.959
3900,12
3900,11.8482
3900,12.1641
3900,11.9754
3900,11.8933
3900,11.8769
3900,12.0164
3950,11.9939
3950,11.9008
3950,12.1478
3950,12.0304
3950,12.16
3950,11.8441
3950,12.0911
3950,12.0223
3950,11.9048
3950,11.9048
3950,11.9737
3950,12.1154
3950,11.7873
3950,12.1884
3950,11.9696
3950,11.9899
3950,12.0344
3950,12.1884
3950,12.0304
3950,11.9494
3950,12.002
3950,12.0506
3950,11.8116
3950,12.0668
3950,12.0304
3950,12.0587
3950,12.1154
3950,12.0182
3950,12.0061
3950,12.0466
3950,12.0385
3950,12.0628
3950,12.1884
3950,11.8927
3950,11.9372
3950,11.8805
3950,11.8562
3950,12.1114
3950,12.1559
3950,11.9939
3950,12.0182
3950,11.9494
3950,11.9129
3950,12.0182
3950,11.8562
3950,12.0263
3950,11.9899
3950,11.8522
3950,11.9858
3950,11.8359
4000,12.124
4000,11.972
4000,12.116
4000,11.92
4000,11.968
4000,11.972
4000,11.972
4000,11.952
4000,12.004
4000,12.084
4000,11.924
4000,12.092
4000,11.968
4000,11.952
4000,12.14
4000,12.18
4000,12.076
4000,11.928
4000,12.048
4000,11.892
4000,11.876
4000,12.06
4000,12.188
4000,11.952
4000,11.94
4000,12.116
4000,11.94
4000,12.092
4000,11.72
4000,11.96
4000,12
4000,11.932
4000,12.04
4000,11.86
4000,11.96
4000,11.996
4000,12.012
4000,12.076
4000,12
4000,12.124
4000,11.888
4000,11.924
4000,12.06
4000,11.904
4000,12.176
4000,12.02
4000,11.976
4000,11.976
4000,12.216
4000,12.132
4050,12.156
4050,12.0691
4050,11.9783
4050,12.0731
4050,12.0257
4050,12.1719
4050,12.2667
4050,12.2311
4050,11.9348
4050,11.6464
4050,12.0533
4050,12.1244
4050,12.0691
4050,12.2351
4050,11.8874
4050,11.9467
4050,11.8479
4050,12.2193
4050,11.9269
4050,12.0059
4050,11.8716
4050,11.9585
4050,11.9032
4050,11.8953
4050,12.1086
4050,12.0849
4050,11.8558
4050,12.0138
4050,12.0889
4050,11.9506
4050,11.9743
4050,11.923
4050,12.0573
4050,12.1165
4050,11.7215
4050,12.0731
4050,12.081
4050,12.2311
4050,12.0573
4050,11.9585
4050,11.9704
4050,12.1086
4050,12.1047
4050,11.8123
4050,11.9625
4050,11.9664
4050,12.0138
4050,11.8281
4050,12.0217
4050,12.0454
4100,12.1288
4100,11.9337
4100,12.0117
4100,11.9961
4100,12.0859
4100,11.8049
4100,11.8985
4100,12.1093
4100,12.082
4100,12.0468
4100,11.8829
4100,12.1639
4100,11.9493
4100,11.8829
4100,12.0741
4100,12.121
4100,12.0546
4100,12.0039
4100,12.0859
4100,12.2615
4100,12.2341
4100,11.9922
4100,11.9883
4100,12.039
4100,11.9883
4100,12.0195
4100,12.078
4100,12.078
4100,11.84
4100,11.9649
4100,12.1249
4100,11.9141
4100,11.9493
4100,11.8283
4100,12.1483
4100,12.1678
4100,12.0351
4100,12.0351
4100,12.1093
4100,11.9727
4100,12.039
4100,12.0195
4100,11.9376
4100,11.9883
4100,11.8634
4100,11.9259
4100,11.8439
4100,12.1327
4100,11.8634
4100,11.8517
4150,12.0058
4150,11.894
4150,12.1639
4150,12.1176
4150,11.6819
4150,12.052
4150,11.9364
4150,11.9942
4150,11.9248
4150,12.0906
4150,12.0945
4150,12.0675
4150,11.9827
4150,12.2333
4150,11.9981
4150,12.052
4150,12.1369
4150,11.9749
4150,12.0675
4150,12.0019
4150,11.9248
4150,11.8747
4150,11.9749
4150,11.8786
4150,11.9827
4150,12.2217
4150,12.079
4150,11.8901
4150,12.187
4150,11.9904
4150,11.9518
4150,12.1099
4150,12.0366
4150,12.16
4150,11.9055
4150,12.1176
4150,12.0867
4150,12.0559
4150,11.813
4150,12.106
4150,11.9248
4150,11.9364
4150,11.9634
4150,11.8246
4150,11.9094
4150,12.0328
4150,12.1214
4150,11.8747
4150,12.0212
4150,11.9749
4200,12.0305
4200,12.1257
4200,12.08
4200,12.0724
4200,11.901
4200,12.019
4200,11.9467
4200,11.8781
4200,12.2629
4200,11.9848
4200,12.061
4200,11.9581
4200,11.9848
4200,11.84
4200,11.9162
4200,11.8895
4200,12.1029
4200,11.9352
4200,11.9048
4200,12.1752
4200,11.9543
4200,11.9657
4200,12.141
4200,12
4200,11.9771
4200,12.1105
4200,11.9467
4200,11.9771
4200,11.9238
4200,11.9314
4200,12.0419
4200,12.099
4200,11.9771
4200,12
4200,12.061
4200,11.8057
4200,12.0076
4200,11.939
4200,11.8705
4200,11.8895
4200,11.8743
4200,12.019
4200,11.9467
4200,11.9543
4200,12.1067
4200,11.9505
4200,12.0267
4200,11.9429
4200,12.1295
4200,11.9048
4250,12.0019
4250,12.0132
4250,11.9944
4250,12.0019
4250,11.8739
4250,11.9002
4250,11.7722
4250,12.1675
4250,11.9831
4250,11.904
4250,11.8889
4250,11.7722
4250,12.0169
4250,11.9981
4250,11.9416
4250,12.0358
4250,11.9529
4250,12.0508
4250,12.2616
4250,12.0621
4250,12.1035
4250,11.904
4250,12.0056
4250,12.0019
4250,11.9793
4250,12.1713
4250,12.032
4250,12.0094
4250,12.0207
4250,11.9944
4250,11.7798
4250,12.0847
4250,12.0998
4250,11.8099
4250,12.1826
4250,12.1035
4250,12.0584
4250,12.2391
4250,11.968
4250,12.0094
4250,12.2315
4250,11.9191
4250,12.0734
4250,12.0885
4250,12.0847
4250,12.1073
4250,12.1713
4250,12.224
4250,12.0094
4250,11.9642
4300,12
4300,11.9963
4300,11.9814
4300,11.974
4300,11.7991
4300,12.0707
4300,12.0223
4300,11.8326
4300,12.0633
4300,11.9107
4300,12.1116
4300,11.8474
4300,11.8623
4300,12.0484
4300,12.1153
4300,12.0298
4300,11.933
4300,11.9553
4300,11.9144
4300,12.0223
4300,12.2195
4300,12.0781
4300,11.8921
4300,11.8437
4300,12.0447
4300,12.026
4300,12.1488
4300,12.1749
4300,11.747
4300,12.0037
4300,11.9144
4300,12.0819
4300,11.9628
4300,12.0967
4300,12.2009
4300,12.0707
4300,11.8251
4300,12.0074
4300,12.0447
4300,12.253
4300,12.0633
4300,11.9405
4300,11.9628
4300,11.8512
4300,11.9591
4300,12.0893
4300,12.0149
4300,12.2158
4300,11.8809
4300,12.1302
4350,12.1232
4350,11.7811
4350,11.8989
4350,11.943
4350,12.0166
4350,12.0092
4350,11.943
4350,12.0202
4350,11.7444
4350,12.0901
4350,11.9136
4350,12.1563
4350,12.0276
4350,11.9172
4350,11.943
4350,11.9356
4350,11.8952
4350,12.0276
4350,11.9687
4350,12.0607
4350,11.8768
4350,12.1269
4350,12.1637
4350,12.1306
4350,11.9614
4350,12.2336
4350,11.8878
4350,12.0386
4350,12.0828
4350,12.0717
4350,11.9283
4350,12.0644
4350,12.0754
4350,12.1011
4350,12.1894
4350,12.0607
4350,12.0018
4350,12.1159
4350,11.9467
4350,11.9283
4350,12.0644
4350,12.0533
4350,11.9283
4350,11.9283
4350,11.9172
4350,11.9136
4350,11.7149
4350,12.1048
4350,12.0533
4350,11.9724
4400,11.9418
4400,12.1273
4400,11.9418
4400,12.0327
4400,12.0691
4400,11.84
4400,11.9455
4400,12.0327
4400,11.8982
4400,12.0073
4400,11.9345
4400,11.9782
4400,12.1127
4400,12.0036
4400,11.9673
4400,12.08
4400,12.1236
4400,12.0182
4400,11.8509
4400,11.8145
4400,12.0109
4400,12.1127
4400,11.96
4400,12.0218
4400,11.9382
4400,11.9673
4400,12.1455
4400,12.1818
4400,12.2727
4400,12.0182
4400,11.9927
4400,12.0255
4400,12.0873
4400,12.0036
4400,11.8691
4400,11.8945
4400,12.0182
4400,12.0909
4400,12.1418
4400,12.0473
4400,11.9382
4400,11.9273
4400,12.3164
4400,11.9636
4400,11.8982
4400,11.9455
4400,11.9091
4400,11.8873
4400,12.0691
4400,12.0073
4450,11.9443
4450,12.1492
4450,11.973
4450,11.7465
4450,11.9191
4450,11.858
4450,11.9946
4450,12.1133
4450,12.0234
4450,12.1492
4450,12.0198
4450,12.0485
4450,12.0162
4450,11.8688
4450,12.0054
4450,11.8724
4450,11.8148
4450,12.2319
4450,12.0234
4450,11.9011
4450,11.804
4450,11.9335
4450,11.9443
4450,12.1636
4450,11.9227
4450,12.0881
4450,12.0234
4450,12.0629
4450,11.9443
4450,11.9982
4450,11.9874
4450,12.0054
4450,11.9479
4450,11.8903
4450,12.027
4450,11.9551
4450,11.9874
4450,12.1169
4450,12.2607
4450,11.9802
4450,12.1061
4450,12.0809
4450,12.0593
4450,12.1492
4450,11.9802
4450,11.8688
4450,11.9011
4450,12.1097
4450,11.9083
4450,11.9227
4500,12.1067
4500,11.9396
4500,12.128
4500,12.0213
4500,11.9964
4500,12.1671
4500,11.968
4500,11.9573
4500,12.0071
4500,11.936
4500,11.8933
4500,12.1102
4500,11.8293
4500,12.0249
4500,12.0107
4500,12.0533
4500,11.9573
4500,11.936
4500,11.9716
4500,11.8898
4500,11.8542
4500,12.0427
4500,11.9609
4500,11.9644
4500,11.9858
4500,12.0782
4500,12.0604
4500,11.8933
4500,12.032
4500,11.9716
4500,12.2169
4500,11.9787
4500,12.0249
4500,11.9751
4500,11.9502
4500,12.0711
4500,11.9502
4500,12.0747
4500,11.84
4500,12.0853
4500,11.8827
4500,12.1173
4500,11.8507
4500,11.8756
4500,11.9893
4500,12.1316
4500,12.1244
4500,11.9253
4500,11.7973
4500,12.0818
4550,12.058
4550,12.0967
4550,12.0615
4550,12.0193
4550,11.9455
4550,12.0967
4550,11.9314
4550,11.9138
4550,12.1143
4550,12.0475
4550,11.9701
4550,12.0686
4550,11.949
4550,12.1037
4550,11.9138
4550,11.84
4550,11.9279
4550,12.153
4550,12.1705
4550,11.9982
4550,11.9174
4550,11.9736
4550,11.9666
4550,12.1495
4550,11.9455
4550,12.0158
4550,12.0123
4550,11.9596
4550,12.0475
4550,12.044
4550,11.9314
4550,11.8435
4550,11.8857
4550,11.9279
4550,12.0932
4550,11.9842
4550,12.0826
4550,11.9947
4550,11.956
4550,11.9385
4550,12.0018
4550,12.0193
4550,11.8119
4550,11.8927
4550,12.1108
4550,12.0264
4550,11.9701
4550,11.8013
4550,12.0475
4550,11.9596
4600,11.9965
4600,11.9374
4600,12.0243
4600,12.0557
4600,12.0104
4600,12.007
4600,11.9443
4600,11.9374
4600,11.8191
4600,12.1426
4600,12.1357
4600,11.8226
4600,11.9374
4600,12.0104
4600,12.073
4600,12.1287
4600,12.1461
4600,11.993
4600,11.8922
4600,11.993
4600,11.833
4600,12.0278
4600,11.9548
4600,12.2435
4600,11.993
4600,12.1148
4600,11.9374
4600,12.0104
4600,12.087
4600,11.9443
4600,12.0035
4600,11.7878
4600,11.9513
4600,11.9548
4600,11.9896
4600,11.8817
4600,12.1078
4600,12.0348
4600,11.92
4600,12
4600,11.913
4600,12.0313
4600,11.9617
4600,11.9409
4600,12.0139
4600,11.8748
4600,11.9235
4600,12.0243
4600,11.993
4600,12.0904
4650,11.9742
4650,11.8778
4650,12.0465
4650,12.0224
4650,12.0396
4650,11.926
4650,12.0671
4650,11.84
4650,12.1153
4650,12.0499
4650,11.8951
4650,11.9673
4650,11.9535
4650,11.9295
4650,12.0499
4650,11.8744
4650,12.0568
4650,11.84
4650,11.9398
4650,11.9811
4650,11.9948
4650,12.0017
4650,12.0705
4650,11.9639
4650,11.8847
4650,12.0981
4650,12.0877
4650,11.8744
4650,11.8778
4650,12.1944
4650,12.1325
4650,11.9123
4650,11.8778
4650,12.0533
4650,11.9191
4650,12.1325
4650,11.8985
4650,11.8675
4650,12.0568
4650,12.0052
4650,11.957
4650,11.8985
4650,11.9535
4650,11.988
4650,11.926
4650,12.0705
4650,11.9708
4650,12.0258
4650,11.8951
4650,12.2082
4700,11.9557
4700,11.8945
4700,11.9319
4700,11.9319
4700,12.0919
4700,11.8672
4700,12.1089
4700,11.9013
4700,12.0919
4700,11.9557
4700,12.0511
4700,11.9728
4700,12.0477
4700,11.9183
4700,12.1464
4700,11.874
4700,11.9557
4700,11.874
4700,12.0749
4700,11.9387
4700,12.0511
4700,12.1157
4700,11.9455
4700,11.8502
4700,11.8911
4700,12.1634
4700,12.0374
4700,11.84
4700,11.9489
4700,11.9421
4700,12.0034
4700,11.9489
4700,12.1328
4700,11.9285
4700,12.0272
4700,11.6936
4700,11.9421
4700,12.0374
4700,11.966
4700,11.9523
4700,12.126
4700,12.1226
4700,11.9149
4700,12.0068
4700,11.9796
4700,11.9626
4700,11.9081
4700,11.8604
4700,12.0647
4700,11.9796
4750,12.1836
4750,11.9074
4750,12.0421
4750,12.0556
4750,12.0185
4750,11.9343
4750,11.9916
4750,12.0455
4750,11.9983
4750,12.0691
4750,11.776
4750,11.9983
4750,11.8333
4750,11.9714
4750,12.0253
4750,11.8636
4750,11.9175
4750,12.1229
4750,12.0589
4750,11.8568
4750,11.9478
4750,12.0185
4750,11.7962
4750,11.9141
4750,11.8467
4750,12.0522
4750,12.0691
4750,12.1128
4750,11.8568
4750,12.032
4750,11.9309
4750,12.1533
4750,12.1667
4750,12.1499
4750,11.9882
4750,12.1499
4750,12.1128
4750,12.0017
4750,12.1128
4750,12.1971
4750,11.8838
4750,11.9613
4750,12.1971
4750,11.8973
4750,12.0724
4750,11.9882
4750,12.0825
4750,11.9512
4750,12.0724
4750,11.9747
4800,12.1067
4800,12.2233
4800,11.8533
4800,11.88
4800,12.0833
4800,12.06
4800,12.0167
4800,12.1933
4800,11.9333
4800,12.04
4800,12.0933
4800,12.0567
4800,11.89
4800,12.0667
4800,12.0767
4800,11.97
4800,11.8533
4800,12.0433
4800,11.95
4800,11.9533
4800,12.11
4800,12.02
4800,12.0133
4800,11.9433
4800,12.0933
4800,12.0967
4800,12.0333
4800,11.88
4800,12.18
4800,12.0433
4800,12.09
4800,12.0767
4800,12.0867
4800,12.05
4800,12.0167
4800,11.9433
4800,11.88
4800,11.9267
4800,11.9667
4800,11.99
4800,12.0267
4800,11.83
4800,12.1333
4800,11.95
4800,11.9167
4800,12.05
4800,12.0633
4800,12.1533
4800,12.0033
4800,11.91
4850,12.0511
4850,12.1105
4850,11.9819
4850,11.939
4850,12.0775
4850,11.972
4850,11.9423
4850,11.9951
4850,11.9324
4850,11.8499
4850,12.1831
4850,11.9291
4850,12.1171
4850,11.9192
4850,12.0148
4850,12.1765
4850,12.0313
4850,11.939
4850,11.7938
4850,12.0511
4850,12.0544
4850,11.873
4850,11.9687
4850,11.8796
4850,11.9423
4850,11.9258
4850,11.9489
4850,12.0049
4850,11.9621
4850,12.0247
4850,11.8499
4850,12.0412
4850,12.1105
4850,12.0181
4850,11.8895
4850,12.0313
4850,12.127
4850,12.1633
4850,11.9324
4850,11.9225
4850,12.0841
4850,11.9951
4850,11.7641
4850,11.9192
4850,12.0478
4850,11.9687
4850,12.0412
4850,11.9885
4850,11.9192
4850,12.1171
4900,11.9543
4900,11.889
4900,11.8727
4900,11.9282
4900,11.8204
4900,11.8171
4900,11.8531
4900,11.9771
4900,11.9673
4900,12.1469
4900,11.9771
4900,12.0131
4900,12.1567
4900,12.0065
4900,12.0686
4900,11.889
4900,11.9967
4900,11.9673
4900,12.0098
4900,11.9184
4900,11.9347
4900,11.9282
4900,12.0131
4900,11.8759
4900,11.8922
4900,12.0849
4900,11.9771
4900,11.9576
4900,11.9641
4900,12.0196
4900,12.0359
4900,11.8531
4900,11.9771
4900,11.9576
4900,12.0424
4900,11.9445
4900,12.1012
4900,11.9576
4900,11.9282
4900,11.9739
4900,11.8824
4900,12.0555
4900,11.889
4900,12.0229
4900,11.9869
4900,11.8531
4900,11.9347
4900,12.0457
4900,12.0522
4900,12.0392
4950,12.1697
4950,11.9531
4950,12.0824
4950,11.9111
4950,11.6881
4950,11.8368
4950,11.9402
4950,11.9467
4950,12.0533
4950,12.0339
4950,12.0307
4950,11.7592
4950,11.7786
4950,11.7398
4950,11.9014
4950,11.9693
4950,12.0986
4950,11.9822
4950,11.9822
4950,12.0081
4950,12.0533
4950,11.9111
4950,11.9693
4950,12.0081
4950,12.063
4950,12.0727
4950,12.1632
4950,12.0404
4950,12.0275
4950,11.8432
4950,12.0436
4950,12.0016
4950,12.2279
4950,12.0954
4950,11.8853
4950,11.8077
4950,11.8206
4950,12.0081
4950,11.9143
4950,12.2117
4950,12.1212
4950,11.8723
4950,11.979
4950,11.9467
4950,11.9337
4950,11.8109
4950,11.7592
4950,12.1147
4950,11.8949
4950,11.8949
5000,11.9456
5000,12.0032
5000,12.0256
5000,11.872
5000,11.8272
5000,12
5000,12.112
5000,11.856
5000,12.0352
5000,12.0352
5000,12.0704
5000,11.8624
5000,11.9424
5000,12.064
5000,11.9648
5000,11.8784
5000,11.8688
5000,12.1792
5000,12.064
5000,11.9712
5000,11.9168
5000,11.9712
5000,11.8976
5000,11.9904
5000,12.0608
5000,11.936
5000,12.0032
5000,12.0864
5000,12.0416
5000,12.0256
5000,11.9648
5000,11.8496
5000,11.9488
5000,11.9552
5000,11.9872
5000,12.1024
5000,11.936
5000,12.0544
5000,11.9968
5000,12.032
5000,12.1952
5000,11.936
5000,11.9872
5000,11.9616
5000,11.9808
5000,11.8784
5000,11.824
5000,11.824
5000,12.0416
5000,12.1152
